"1105","大荔冬枣大果","63","4","ASN170724013","63","2017-07-24 19:22:00"
"1104","大荔冬枣中果","282","4","ASN170724012","111","2017-07-24 19:20:00"
"1163","北海烤鸭蛋","3150","180","ASN170724011","6700","2017-07-24 18:28:00"
"779","有好东西山核桃仁","742","240","ASN170723017","500","2017-07-24 17:00:00"
"779","有好东西山核桃仁","742","240","ASN170724010","300","2017-07-24 16:58:02"
"971","水果鲜玉米","398","3","ASN170724009","800","2017-07-24 16:50:00"
"677","福建肉燕","3220","270","ASN170715013","2535","2017-07-24 16:20:00"
"665","六鳌蜜薯","354","25","ASN170723004","450","2017-07-24 16:16:00"
"874","威尔斯黄花鱼","1690","300","ASN170724008","784","2017-07-24 15:24:00"
"1043","玫瑰苹果","170","10","ASN170724003","620","2017-07-24 14:30:00"
"1141","澳柑","164","15","ASN170724003","1900","2017-07-24 14:30:00"
"1107","美国车厘子","52","3","ASN170724003","188","2017-07-24 14:30:00"
"977","都乐超甜蕉","4","2","ASN170724003","75","2017-07-24 14:30:00"
"742","有好东西螺蛳粉","921","50","ASN170723009","494","2017-07-24 13:56:00"
"1122","原味葵花籽","6329","90","ASN170723018","3000","2017-07-24 13:28:00"
"843","蜜舐椴树蜂蜜","551","365","ASN170721003","29","2017-07-24 13:24:00"
"843","蜜舐椴树蜂蜜","551","365","ASN170720022","400","2017-07-24 13:14:00"
"1079","懿品福花生油","284","90","ASN170720020","200","2017-07-24 13:12:01"
"1168","平谷蟠桃","1","3","ASN170724001","203","2017-07-24 13:12:01"
"1164","乐纯茉莉花茶三三三倍酸奶","263","3","ASN170723023","1","2017-07-23 18:50:00"
"1165","乐纯提拉米苏三三三倍酸奶","263","3","ASN170723023","1","2017-07-23 18:50:00"
"1167","乐纯朗姆红提三三三倍酸奶","263","3","ASN170723023","1","2017-07-23 18:50:00"
"1080","洪湖渔家麻辣小龙虾15-20只900g","1","300","ASN170723022","2","2017-07-23 17:52:01"
"1105","大荔冬枣大果","63","4","ASN170723021","100","2017-07-23 17:46:00"
"1104","大荔冬枣中果","282","4","ASN170723021","76","2017-07-23 17:44:00"
"1105","大荔冬枣大果","63","4","ASN170723016","37","2017-07-23 15:16:00"
"1104","大荔冬枣中果","282","4","ASN170723015","132","2017-07-23 15:14:00"
"1172","板栗南瓜（中果）","100","60","ASN170723014","130","2017-07-23 14:32:02"
"1046","好哩燕麦麸皮","415","730","ASN170721009","240","2017-07-23 14:16:00"
"1045","好哩传统厚片纯燕麦片","850","730","ASN170721009","560","2017-07-23 14:16:00"
"847","好哩谷物杂粮麦片","560","270","ASN170721009","560","2017-07-23 14:16:00"
"1107","美国车厘子","52","3","ASN170723002","76","2017-07-23 14:10:00"
"1162","绿宝石梨","95","15","ASN170723003","200","2017-07-23 14:08:00"
"1035","法国ParaKito驱蚊手环婴儿童防蚊手环—创意玩具","210","1000","ASN170723012","5","2017-07-23 13:46:00"
"1171","板栗南瓜（小果）","257","60","ASN170723013","279","2017-07-23 13:28:00"
"854","大船渔家黄蚬","13761","300","ASN170723011","6507","2017-07-23 13:26:00"
"662","姜母红糖","94","365","ASN170723010","4","2017-07-23 13:16:00"
"822","有好东西草莓干","678","300","ASN170723010","27","2017-07-23 13:16:00"
"821","有好东西榴莲干","492","300","ASN170723010","4","2017-07-23 13:16:00"
"1133","达沃滋原味开心果200g","578","180","ASN170723005","14","2017-07-23 12:52:00"
"849","乐纯芒果菠萝三三三倍酸奶","263","3","ASN170723006","200","2017-07-23 12:02:00"
"851","乐纯榛子香草三三三倍酸奶","263","3","ASN170723006","200","2017-07-23 12:02:00"
"852","乐纯椰子玫瑰三三三倍酸奶","263","3","ASN170723006","200","2017-07-23 12:02:00"
"1164","乐纯茉莉花茶三三三倍酸奶","263","3","ASN170723006","200","2017-07-23 12:02:00"
"1165","乐纯提拉米苏三三三倍酸奶","263","3","ASN170723006","200","2017-07-23 12:02:00"
"1167","乐纯朗姆红提三三三倍酸奶","263","3","ASN170723006","200","2017-07-23 12:02:00"
"1137","新疆吊干杏（箱）","114","3","ASN170723001","452","2017-07-23 10:44:00"
"1105","大荔冬枣大果","63","4","ASN170722012","3","2017-07-22 23:06:01"
"1104","大荔冬枣中果","282","4","ASN170722013","35","2017-07-22 23:06:01"
"1130","乐美雅2.5L玻璃锅LC-B62","400","1000","ASN170718007","300","2017-07-22 18:56:00"
"1131","乐美雅凝彩八角钻石水具5件套","401","1000","ASN170718007","300","2017-07-22 18:56:00"
"1104","大荔冬枣中果","282","4","ASN170722010","105","2017-07-22 18:50:00"
"1105","大荔冬枣大果","63","4","ASN170722009","144","2017-07-22 18:48:00"
"1164","乐纯茉莉花茶三三三倍酸奶","263","3","ASN170722006","150","2017-07-22 18:44:00"
"1165","乐纯提拉米苏三三三倍酸奶","263","3","ASN170722006","150","2017-07-22 18:44:00"
"1167","乐纯朗姆红提三三三倍酸奶","263","3","ASN170722006","150","2017-07-22 18:44:00"
"852","乐纯椰子玫瑰三三三倍酸奶","263","3","ASN170722006","150","2017-07-22 18:44:00"
"849","乐纯芒果菠萝三三三倍酸奶","263","3","ASN170722006","150","2017-07-22 18:44:00"
"851","乐纯榛子香草三三三倍酸奶","263","3","ASN170722006","150","2017-07-22 18:44:00"
"1107","美国车厘子","52","3","ASN170722007","188","2017-07-22 18:30:00"
"670","五彩野鸡蛋","4125","60","ASN170722008","4750","2017-07-22 17:42:01"
"758","有好东西藜麦","9430","365","ASN170721001","1980","2017-07-22 16:22:00"
"959","即食香螺200g","1784","300","ASN170722005","2000","2017-07-22 16:18:00"
"1077","鳕鱼芹菜水饺460g","2248","90","ASN170721002","1000","2017-07-22 16:12:00"
"1078","鳕鱼韭菜水饺460g","2192","90","ASN170721002","1000","2017-07-22 16:12:00"
"977","都乐超甜蕉","4","2","ASN170722002","90","2017-07-22 15:56:00"
"777","有好东西和田玉枣","875","365","ASN170721016","1000","2017-07-22 15:30:00"
"1140","冰糖木瓜（箱）","126","3","ASN170719009","190","2017-07-22 15:28:00"
"1011","红西柚","72","7","ASN170722001","350","2017-07-22 15:26:00"
"1043","玫瑰苹果","170","10","ASN170722001","620","2017-07-22 15:26:00"
"966","佳沛金果","314","10","ASN170722001","1240","2017-07-22 15:26:00"
"1162","绿宝石梨","95","15","ASN170722004","99","2017-07-22 15:18:00"
"605","有好东西火龙果5斤装","225","10","ASN170720017","200","2017-07-22 14:50:00"
"604","有好东西火龙果8斤装","132","10","ASN170720017","100","2017-07-22 14:50:00"
"1096","海南青柠檬","294","10","ASN170720008","499","2017-07-22 14:46:00"
"708","有好东西手工清真牛肉酱","1033","365","ASN170720021","1200","2017-07-22 14:32:00"
"1170","老盐金桔柠檬粉(袋)","1531","540","ASN170721023","2000","2017-07-21 17:52:03"
"1161","板栗南瓜","1472","60","ASN170721022","1476","2017-07-21 17:00:00"
"988","ONTRUE原味腰果250g","1066","300","ASN170721021","3","2017-07-21 16:46:00"
"987","满天星中果","5","5","ASN170721020","300","2017-07-21 16:38:00"
"1097","匹克斯颗粒花生酱（无添加盐）","207","365","ASN170715016","352","2017-07-21 15:32:00"
"1123","Trudeau自动开盖油醋瓶--绿灰","388","1000","ASN170721006","200","2017-07-21 15:30:01"
"1124","Trudeau自动开盖油醋瓶--紫灰","549","1000","ASN170721006","400","2017-07-21 15:30:01"
"1125","Trudeau自动开盖油醋瓶--橙灰","568","1000","ASN170721006","400","2017-07-21 15:30:01"
"804","有好东西千禧圣女果","8","7","ASN170721007","340","2017-07-21 15:18:00"
"1140","冰糖木瓜（箱）","126","3","ASN170721012","51","2017-07-21 15:16:00"
"1001","BRITA碧然德MAXTRA型滤芯6支装","84","1000","ASN170721017","3","2017-07-21 14:42:01"
"1080","洪湖渔家麻辣小龙虾15-20只900g","1","300","ASN170721014","73","2017-07-21 14:02:00"
"1163","北海烤鸭蛋","3150","180","ASN170721013","8575","2017-07-21 13:46:00"
"1081","慕纯母婴专用本色纸抽纸20包*330张","1656","300","ASN170717001","1200","2017-07-21 12:48:00"
"1052","海南桥沙地瓜","765","10","ASN170719008","1400","2017-07-21 12:34:00"
"1147","牛仔骨500g","1025","365","ASN170719011","1170","2017-07-21 11:14:00"
"990","海大大麻辣鱿鱼头250g","242","300","ASN170720013","380","2017-07-21 11:12:00"
"992","海大大麻辣鱼豆腐300g","297","300","ASN170720013","420","2017-07-21 11:12:00"
"993","海大大麻辣海鳌虾300g","70","300","ASN170720013","200","2017-07-21 11:12:00"
"965","重庆小面240g","3352","90","ASN170717009","2000","2017-07-21 11:06:00"
"1162","绿宝石梨","95","15","ASN170720012","199","2017-07-21 11:06:00"
"670","五彩野鸡蛋","4125","60","ASN170720002","5970","2017-07-21 11:04:00"
"1080","洪湖渔家麻辣小龙虾15-20只900g","1","300","ASN170720018","4","2017-07-20 23:54:00"
"1168","平谷蟠桃","1","3","ASN170720016","10","2017-07-20 19:52:01"
"1146","甘肃鲜枸杞500克装","206","7","ASN170719007","300","2017-07-20 19:22:01"
"892","有好东西香蕉夹心海苔","3590","300","ASN170720014","2000","2017-07-20 18:16:00"
"991","海大大麻辣鱿鱼嘴250g","1","300","ASN170720013","400","2017-07-20 18:14:00"
"971","水果鲜玉米","398","3","ASN170720001","1200","2017-07-20 18:10:00"
"1043","玫瑰苹果","170","10","ASN170720004","620","2017-07-20 16:10:00"
"1141","澳柑","164","15","ASN170720004","950","2017-07-20 16:10:00"
"1011","红西柚","72","7","ASN170720004","350","2017-07-20 16:10:00"
"966","佳沛金果","314","10","ASN170720004","1240","2017-07-20 16:10:00"
"1099","25#新西兰金果","35","10","ASN170720004","50","2017-07-20 16:10:00"
"804","有好东西千禧圣女果","8","7","ASN170720003","110","2017-07-20 16:04:00"
"977","都乐超甜蕉","4","2","ASN170720006","165","2017-07-20 16:02:00"
"1107","美国车厘子","52","3","ASN170720006","93","2017-07-20 16:02:00"
"945","霸蛮黄牛肉米粉","2973","180","ASN170718019","2400","2017-07-20 15:56:00"
"950","霸蛮小菜四合一70g","1444","180","ASN170718019","1500","2017-07-20 15:56:00"
"994","霸蛮私房凉拌米粉","3502","270","ASN170718019","480","2017-07-20 15:56:00"
"1053","霸蛮香辣牛杂粉","1220","180","ASN170718019","480","2017-07-20 15:56:00"
"1080","洪湖渔家麻辣小龙虾15-20只900g","1","300","ASN170720011","24","2017-07-20 15:26:00"
"1150","熟酸奶","624","21","ASN170720007","3000","2017-07-20 13:20:00"
"1022","德国进口triangle削皮刀","285","1000","ASN170720009","1","2017-07-20 12:42:00"
"605","有好东西火龙果5斤装","225","10","ASN170715015","500","2017-07-20 11:52:00"
"604","有好东西火龙果8斤装","132","10","ASN170715015","100","2017-07-20 11:52:00"
"1156","Joseph Joseph 彩虹九件套 暖色系","170","1000","ASN170719006","100","2017-07-20 11:50:00"
"1155","Mastrad五合一多功能剪刀 红色","208","1000","ASN170719006","100","2017-07-20 11:50:00"
"1123","Trudeau自动开盖油醋瓶--绿灰","388","1000","ASN170717035","240","2017-07-20 11:46:00"
"1155","Mastrad五合一多功能剪刀 红色","208","1000","ASN170717035","108","2017-07-20 11:46:00"
"1156","Joseph Joseph 彩虹九件套 暖色系","170","1000","ASN170717035","104","2017-07-20 11:46:00"
"1098","匹克斯幼滑花生酱（无添加盐）","275","365","ASN170715016","400","2017-07-20 10:22:00"
"618","有好东西每日坚果","594","300","ASN170718010","1000","2017-07-20 10:08:00"
"1105","大荔冬枣大果","63","4","ASN170719013","48","2017-07-19 17:08:00"
"1104","大荔冬枣中果","282","4","ASN170719014","97","2017-07-19 17:06:00"
"1105","大荔冬枣大果","63","4","ASN170719012","100","2017-07-19 16:36:00"
"971","水果鲜玉米","398","3","ASN170718020","1000","2017-07-19 16:32:00"
"942","农良造牛肝菌380g","283","300","ASN170711002","319","2017-07-19 16:00:00"
"1140","冰糖木瓜（箱）","126","3","ASN170718004","100","2017-07-19 15:54:00"
"1137","新疆吊干杏（箱）","114","3","ASN170717023","300","2017-07-19 15:50:00"
"742","有好东西螺蛳粉","921","50","ASN170708018","762","2017-07-19 14:54:00"
"616","有好东西巢蜜（2盒）","1010","720","ASN170718005","600","2017-07-19 14:52:00"
"1141","澳柑","164","15","ASN170719001","950","2017-07-19 14:44:00"
"1043","玫瑰苹果","170","10","ASN170719001","620","2017-07-19 14:44:00"
"966","佳沛金果","314","10","ASN170719001","1240","2017-07-19 14:44:00"
"1099","25#新西兰金果","35","10","ASN170719001","50","2017-07-19 14:44:00"
"804","有好东西千禧圣女果","8","7","ASN170718021","220","2017-07-19 14:38:00"
"1107","美国车厘子","52","3","ASN170719010","38","2017-07-19 14:36:00"
"977","都乐超甜蕉","4","2","ASN170719010","165","2017-07-19 14:36:00"
"1033","达沃滋盐焗口味开心果200g","1016","90","ASN170719002","600","2017-07-19 14:32:00"
"1133","达沃滋原味开心果200g","578","180","ASN170719003","600","2017-07-19 14:20:00"
"1015","卖栗迁西甘栗仁","7109","365","ASN170718013","9512","2017-07-19 13:46:00"
"1124","Trudeau自动开盖油醋瓶--紫灰","549","1000","ASN170717035","120","2017-07-19 10:20:00"
"1125","Trudeau自动开盖油醋瓶--橙灰","568","1000","ASN170717035","240","2017-07-19 10:20:00"
"1023","新疆切糕","260","90","ASN170718018","345","2017-07-19 10:08:00"
"1162","绿宝石梨","95","15","ASN170718017","299","2017-07-18 18:38:00"
"758","有好东西藜麦","9430","365","ASN170714021","6000","2017-07-18 17:24:00"
"663","玫瑰红糖","34","365","ASN170714011","240","2017-07-18 17:18:00"
"663","玫瑰红糖","34","365","ASN170714011","240","2017-07-18 17:18:00"
"662","姜母红糖","94","365","ASN170718016","216","2017-07-18 17:14:00"
"1112","科柔防滑拖鞋女款浅粉35/36","180","300","ASN170717011","192","2017-07-18 17:12:00"
"1113","科柔防滑拖鞋女款浅粉37/38","247","1000","ASN170717011","300","2017-07-18 17:12:00"
"1114","科柔防滑拖鞋女款浅粉39/40","157","1000","ASN170717011","192","2017-07-18 17:12:00"
"1115","科柔防滑拖鞋男款 深蓝41/42","161","1000","ASN170717011","192","2017-07-18 17:12:00"
"1116","科柔防滑拖鞋男款 深蓝43/44","163","1000","ASN170717011","192","2017-07-18 17:12:00"
"1117","科柔防滑拖鞋男款 深蓝45/46","95","1000","ASN170717011","108","2017-07-18 17:12:00"
"1118","科柔防滑拖鞋男款 宝蓝41/42","174","1000","ASN170717011","192","2017-07-18 17:12:00"
"1119","科柔防滑拖鞋男款 宝蓝43/44","176","1000","ASN170717011","192","2017-07-18 17:12:00"
"1120","科柔防滑拖鞋男款 宝蓝45/46","104","1000","ASN170717011","108","2017-07-18 17:12:00"
"971","水果鲜玉米","398","3","ASN170718009","1800","2017-07-18 16:58:00"
"1146","甘肃鲜枸杞500克装","206","7","ASN170716016","200","2017-07-18 16:34:00"
"670","五彩野鸡蛋","4125","60","ASN170718012","11900","2017-07-18 16:26:00"
"804","有好东西千禧圣女果","8","7","ASN170717034","380","2017-07-18 16:18:00"
"977","都乐超甜蕉","4","2","ASN170718003","180","2017-07-18 16:14:00"
"1107","美国车厘子","52","3","ASN170718003","140","2017-07-18 16:14:00"
"1141","澳柑","164","15","ASN170718003","4370","2017-07-18 16:14:00"
"1011","红西柚","72","7","ASN170718003","700","2017-07-18 16:14:00"
"1043","玫瑰苹果","170","10","ASN170718003","620","2017-07-18 16:14:00"
"966","佳沛金果","314","10","ASN170718003","1240","2017-07-18 16:14:00"
"1099","25#新西兰金果","35","10","ASN170718003","50","2017-07-18 16:14:00"
"1109","科柔防滑拖鞋女款浅绿35/36","92","1000","ASN170717010","108","2017-07-18 16:08:01"
"1111","科柔防滑拖鞋女款浅绿39/40","77","1000","ASN170717010","108","2017-07-18 16:08:01"
"1110","科柔防滑拖鞋女款浅绿37/38","107","1000","ASN170717010","156","2017-07-18 16:08:00"
"970","海阳蜜瓜大果","1","10","ASN170718014","600","2017-07-18 15:42:00"
"739","有好东西沁州黄小米","1210","270","ASN170717013","1280","2017-07-18 15:14:00"
"1131","乐美雅凝彩八角钻石水具5件套","401","1000","ASN170718008","1","2017-07-18 12:14:00"
"1160","洪湖渔家麻辣虾球300G","8000","365","ASN170718006","8000","2017-07-18 12:12:00"
"996","简爱原味裸酸奶1.08Kg","21","9","ASN170718002","1320","2017-07-18 11:54:00"
"997","简爱益生菌裸酸奶120g*4","5","9","ASN170718002","1110","2017-07-18 11:54:00"
"1069","简爱高蛋白酸奶100g*3","39","9","ASN170718002","360","2017-07-18 11:54:00"
"1157","国联水产油焖口味小龙虾500g(15-18只)","8733","300","ASN170717037","9998","2017-07-17 23:10:00"
"941","犁响生态鲜腐竹160g","11154","120","ASN170717004","10794","2017-07-17 19:12:00"
"849","乐纯芒果菠萝三三三倍酸奶","263","3","ASN170717031","155","2017-07-17 18:06:00"
"851","乐纯榛子香草三三三倍酸奶","263","3","ASN170717031","155","2017-07-17 18:06:00"
"852","乐纯椰子玫瑰三三三倍酸奶","263","3","ASN170717031","155","2017-07-17 18:06:00"
"779","有好东西山核桃仁","742","240","ASN170717008","800","2017-07-17 18:00:00"
"779","有好东西山核桃仁","742","240","ASN170717032","50","2017-07-17 18:00:00"
"1032","五常粥米1Kg","498","120","ASN170717033","12","2017-07-17 17:44:00"
"1105","大荔冬枣大果","63","4","ASN170717028","67","2017-07-17 17:12:00"
"1104","大荔冬枣中果","282","4","ASN170717029","113","2017-07-17 17:08:00"
"965","重庆小面240g","3352","90","ASN170712011","3589","2017-07-17 16:56:01"
"662","姜母红糖","94","365","ASN170717026","288","2017-07-17 16:52:01"
"670","五彩野鸡蛋","4125","60","ASN170717025","2390","2017-07-17 16:48:01"
"796","有好东西三文鱼","206","540","ASN170716002","500","2017-07-17 16:12:00"
"987","满天星中果","5","5","ASN170717024","545","2017-07-17 15:06:00"
"1032","五常粥米1Kg","498","120","ASN170711014","1000","2017-07-17 15:04:00"
"987","满天星中果","5","5","ASN170717022","705","2017-07-17 15:04:00"
"1052","海南桥沙地瓜","765","10","ASN170714012","1400","2017-07-17 14:58:00"
"1105","大荔冬枣大果","63","4","ASN170717017","122","2017-07-17 14:58:00"
"1104","大荔冬枣中果","282","4","ASN170717018","75","2017-07-17 14:58:00"
"1140","冰糖木瓜（箱）","126","3","ASN170717003","100","2017-07-17 14:54:00"
"605","有好东西火龙果5斤装","225","10","ASN170716015","300","2017-07-17 14:46:00"
"604","有好东西火龙果8斤装","132","10","ASN170716015","100","2017-07-17 14:46:00"
"1107","美国车厘子","52","3","ASN170717006","279","2017-07-17 14:44:00"
"1011","红西柚","72","7","ASN170717006","880","2017-07-17 14:44:00"
"977","都乐超甜蕉","4","2","ASN170717002","120","2017-07-17 14:42:00"
"1043","玫瑰苹果","170","10","ASN170717002","1860","2017-07-17 14:42:00"
"1141","澳柑","164","15","ASN170717002","1900","2017-07-17 14:42:00"
"1099","25#新西兰金果","35","10","ASN170717002","50","2017-07-17 14:42:00"
"977","都乐超甜蕉","4","2","ASN170717014","60","2017-07-17 14:32:00"
"970","海阳蜜瓜大果","1","10","ASN170717015","400","2017-07-17 13:46:00"
"1137","新疆吊干杏（箱）","114","3","ASN170716017","778","2017-07-17 12:00:00"
"1058","最生活毛巾浅色系卡其色","699","1000","ASN170710009","600","2017-07-17 11:26:00"
"1059","最生活毛巾浅色系灰蓝色","699","1000","ASN170710009","600","2017-07-17 11:26:00"
"1060","最生活毛巾浅色系浅绿色","699","1000","ASN170710009","600","2017-07-17 11:26:00"
"1061","最生活毛巾浅色系本白色","699","1000","ASN170710009","600","2017-07-17 11:26:00"
"1104","大荔冬枣中果","282","4","ASN170716013","170","2017-07-16 19:42:00"
"1105","大荔冬枣大果","63","4","ASN170716014","108","2017-07-16 19:40:00"
"1014","刘老汉小吊瓜中果","1","5","ASN170716012","4","2017-07-16 18:22:00"
"1014","刘老汉小吊瓜中果","1","5","ASN170716005","888","2017-07-16 16:20:00"
"1105","大荔冬枣大果","63","4","ASN170716009","161","2017-07-16 15:40:00"
"1104","大荔冬枣中果","282","4","ASN170716010","92","2017-07-16 15:40:00"
"966","佳沛金果","314","10","ASN170716004","2480","2017-07-16 15:34:00"
"876","澳洲安格斯牛腱子","355","300","ASN170716008","400","2017-07-16 15:32:00"
"875","澳洲安格斯牛腩切条","720","300","ASN170716008","500","2017-07-16 15:32:00"
"987","满天星中果","5","5","ASN170716007","785","2017-07-16 15:08:00"
"1130","乐美雅2.5L玻璃锅LC-B62","400","1000","ASN170713012","500","2017-07-16 15:06:00"
"1131","乐美雅凝彩八角钻石水具5件套","401","1000","ASN170713012","500","2017-07-16 15:06:00"
"1052","海南桥沙地瓜","765","10","ASN170711010","500","2017-07-16 13:52:00"
"1052","海南桥沙地瓜","765","10","ASN170705013","930","2017-07-16 13:46:00"
"849","乐纯芒果菠萝三三三倍酸奶","263","3","ASN170716003","155","2017-07-16 13:00:00"
"851","乐纯榛子香草三三三倍酸奶","263","3","ASN170716003","155","2017-07-16 13:00:00"
"852","乐纯椰子玫瑰三三三倍酸奶","263","3","ASN170716003","155","2017-07-16 13:00:00"
"1067","怪味香肠320g","528","90","ASN170713009","480","2017-07-16 12:00:00"
"1068","广式香肠320g","444","90","ASN170713009","480","2017-07-16 12:00:00"
"1137","新疆吊干杏（箱）","114","3","ASN170716001","504","2017-07-16 11:50:00"
"1105","大荔冬枣大果","63","4","ASN170715019","109","2017-07-15 20:04:00"
"1081","慕纯母婴专用本色纸抽纸20包*330张","1656","300","ASN170711019","598","2017-07-15 19:54:00"
"1082","慕纯母婴专用本色纸卷纸24卷*120g","1567","300","ASN170711019","1499","2017-07-15 19:54:00"
"1143","慕纯竹浆纸-手帕纸60包","1376","1000","ASN170711019","1493","2017-07-15 19:54:00"
"1104","大荔冬枣中果","282","4","ASN170715018","119","2017-07-15 19:50:00"
"1150","熟酸奶","624","21","ASN170715017","3600","2017-07-15 19:40:00"
"1104","大荔冬枣中果","282","4","ASN170715012","194","2017-07-15 17:22:00"
"1105","大荔冬枣大果","63","4","ASN170715010","168","2017-07-15 17:18:00"
"1140","冰糖木瓜（箱）","126","3","ASN170715006","179","2017-07-15 16:18:00"
"1022","德国进口triangle削皮刀","285","1000","ASN170712017","200","2017-07-15 16:16:00"
"987","满天星中果","5","5","ASN170715009","985","2017-07-15 15:54:00"
"849","乐纯芒果菠萝三三三倍酸奶","263","3","ASN170715007","5","2017-07-15 15:30:00"
"851","乐纯榛子香草三三三倍酸奶","263","3","ASN170715007","5","2017-07-15 15:30:00"
"852","乐纯椰子玫瑰三三三倍酸奶","263","3","ASN170715007","5","2017-07-15 15:30:00"
"977","都乐超甜蕉","4","2","ASN170715001","90","2017-07-15 15:16:00"
"1099","25#新西兰金果","35","10","ASN170715001","50","2017-07-15 15:16:00"
"1107","美国车厘子","52","3","ASN170715002","140","2017-07-15 15:12:00"
"1141","澳柑","164","15","ASN170715002","950","2017-07-15 15:12:00"
"1122","原味葵花籽","6329","90","ASN170711015","4788","2017-07-15 15:00:00"
"971","水果鲜玉米","398","3","ASN170715004","1600","2017-07-15 14:52:00"
"1137","新疆吊干杏（箱）","114","3","ASN170714022","405","2017-07-15 14:48:00"
"1014","刘老汉小吊瓜中果","1","5","ASN170715003","320","2017-07-15 14:40:00"
"849","乐纯芒果菠萝三三三倍酸奶","263","3","ASN170715005","300","2017-07-15 14:36:00"
"851","乐纯榛子香草三三三倍酸奶","263","3","ASN170715005","300","2017-07-15 14:36:00"
"852","乐纯椰子玫瑰三三三倍酸奶","263","3","ASN170715005","300","2017-07-15 14:36:00"
"1124","Trudeau自动开盖油醋瓶--紫灰","549","1000","ASN170713002","192","2017-07-14 19:00:00"
"1124","Trudeau自动开盖油醋瓶--紫灰","549","1000","ASN170714014","96","2017-07-14 19:00:00"
"1125","Trudeau自动开盖油醋瓶--橙灰","568","1000","ASN170714014","192","2017-07-14 19:00:00"
"1140","冰糖木瓜（箱）","126","3","ASN170714013","199","2017-07-14 18:58:00"
"1104","大荔冬枣中果","282","4","ASN170714016","159","2017-07-14 18:48:02"
"987","满天星中果","5","5","ASN170714020","340","2017-07-14 18:34:00"
"1014","刘老汉小吊瓜中果","1","5","ASN170714018","200","2017-07-14 18:24:00"
"960","摩飞电器便携式果汁机迷你型","727","300","ASN170711011","488","2017-07-14 17:36:00"
"1105","大荔冬枣大果","63","4","ASN170714015","78","2017-07-14 17:34:00"
"1077","鳕鱼芹菜水饺460g","2248","90","ASN170711017","1600","2017-07-14 16:42:00"
"1078","鳕鱼韭菜水饺460g","2192","90","ASN170711018","1400","2017-07-14 16:40:00"
"670","五彩野鸡蛋","4125","60","ASN170714006","11900","2017-07-14 16:36:00"
"971","水果鲜玉米","398","3","ASN170714010","1900","2017-07-14 16:36:00"
"804","有好东西千禧圣女果","8","7","ASN170714007","250","2017-07-14 15:46:00"
"1011","红西柚","72","7","ASN170714001","400","2017-07-14 15:44:00"
"1141","澳柑","164","15","ASN170714001","1900","2017-07-14 15:44:00"
"966","佳沛金果","314","10","ASN170714001","1240","2017-07-14 15:44:00"
"1099","25#新西兰金果","35","10","ASN170714001","50","2017-07-14 15:44:00"
"977","都乐超甜蕉","4","2","ASN170714008","30","2017-07-14 15:42:00"
"1140","冰糖木瓜（箱）","126","3","ASN170713007","197","2017-07-14 13:44:00"
"988","ONTRUE原味腰果250g","1066","300","ASN170710006","1000","2017-07-14 13:42:00"
"989","ONTRUE盐焗腰果250g","1150","300","ASN170710007","1000","2017-07-14 13:42:00"
"849","乐纯芒果菠萝三三三倍酸奶","263","3","ASN170714003","10","2017-07-14 13:30:00"
"851","乐纯榛子香草三三三倍酸奶","263","3","ASN170714003","10","2017-07-14 13:30:00"
"852","乐纯椰子玫瑰三三三倍酸奶","263","3","ASN170714003","10","2017-07-14 13:30:00"
"996","简爱原味裸酸奶1.08Kg","21","9","ASN170714004","108","2017-07-14 13:22:01"
"997","简爱益生菌裸酸奶120g*4","5","9","ASN170714004","120","2017-07-14 13:22:01"
"605","有好东西火龙果5斤装","225","10","ASN170709014","300","2017-07-14 11:52:00"
"1137","新疆吊干杏（箱）","114","3","ASN170712014","370","2017-07-13 23:48:00"
"874","威尔斯黄花鱼","1690","300","ASN170713011","1354","2017-07-13 19:40:00"
"998","BRITA碧然德滤水壶即热净水吧","35","1000","ASN170710008","50","2017-07-13 18:36:00"
"999","BRITA碧然德Marella XL 3.5L滤水壶","204","1000","ASN170710008","299","2017-07-13 18:36:00"
"670","五彩野鸡蛋","4125","60","ASN170713015","2400","2017-07-13 18:34:00"
"987","满天星中果","5","5","ASN170713014","495","2017-07-13 18:30:00"
"804","有好东西千禧圣女果","8","7","ASN170713004","105","2017-07-13 17:18:00"
"966","佳沛金果","314","10","ASN170713001","1240","2017-07-13 17:16:01"
"1107","美国车厘子","52","3","ASN170713001","46","2017-07-13 17:16:01"
"1043","玫瑰苹果","170","10","ASN170713001","1240","2017-07-13 17:16:01"
"977","都乐超甜蕉","4","2","ASN170713001","45","2017-07-13 17:16:01"
"1141","澳柑","164","15","ASN170713001","3800","2017-07-13 17:16:01"
"758","有好东西藜麦","9430","365","ASN170713010","6","2017-07-13 16:28:01"
"1146","甘肃鲜枸杞500克装","206","7","ASN170712003","400","2017-07-13 15:44:00"
"1147","牛仔骨500g","1025","365","ASN170712019","630","2017-07-13 15:28:00"
"849","乐纯芒果菠萝三三三倍酸奶","263","3","ASN170713003","10","2017-07-13 15:18:00"
"851","乐纯榛子香草三三三倍酸奶","263","3","ASN170713003","10","2017-07-13 15:18:00"
"852","乐纯椰子玫瑰三三三倍酸奶","263","3","ASN170713003","10","2017-07-13 15:18:00"
"1083","美国Contigo康迪克小发明家系列儿童水壶-太空","93","1000","ASN170711016","80","2017-07-13 15:08:00"
"1086","美国Contigo康迪克小发明家系列儿童水壶-猫头鹰","100","1000","ASN170711016","80","2017-07-13 15:08:00"
"1085","美国Contigo康迪克小发明家系列儿童水壶-黄色长颈鹿","104","1000","ASN170711016","80","2017-07-13 15:08:00"
"1087","美国Contigo康迪克小发明家系列儿童水壶-猫咪","106","1000","ASN170711016","150","2017-07-13 15:08:00"
"1144","康迪克小发明家儿童水壶-运动","100","1000","ASN170711016","100","2017-07-13 15:08:00"
"1123","Trudeau自动开盖油醋瓶--绿灰","388","1000","ASN170713002","96","2017-07-13 14:46:00"
"1125","Trudeau自动开盖油醋瓶--橙灰","568","1000","ASN170713002","192","2017-07-13 14:46:00"
"971","水果鲜玉米","398","3","ASN170713006","690","2017-07-13 14:34:00"
"970","海阳蜜瓜大果","1","10","ASN170712022","818","2017-07-12 22:04:00"
"866","泰国椰青","6474","15","ASN170712018","270","2017-07-12 18:14:00"
"983","Bio-mex德国原装进口万用去污膏300g","1399","1000","ASN170712018","4","2017-07-12 18:14:00"
"1006","柴猪肥瘦肉馅500g","146","180","ASN170712018","1","2017-07-12 18:14:00"
"977","都乐超甜蕉","4","2","ASN170712002","60","2017-07-12 16:50:00"
"1011","红西柚","72","7","ASN170712002","400","2017-07-12 16:50:00"
"1107","美国车厘子","52","3","ASN170712002","46","2017-07-12 16:50:00"
"703","有好东西阿根廷红虾","149","540","ASN170712004","420","2017-07-12 16:46:00"
"945","霸蛮黄牛肉米粉","2973","180","ASN170711021","479","2017-07-12 16:44:00"
"994","霸蛮私房凉拌米粉","3502","270","ASN170711021","1200","2017-07-12 16:44:00"
"670","五彩野鸡蛋","4125","60","ASN170712012","2390","2017-07-12 16:40:00"
"887","法国猪肋排","7658","300","ASN170712006","2695","2017-07-12 16:18:00"
"1052","海南桥沙地瓜","765","10","ASN170709013","1000","2017-07-12 16:04:00"
"779","有好东西山核桃仁","742","240","ASN170710005","250","2017-07-12 16:02:00"
"604","有好东西火龙果8斤装","132","10","ASN170709014","100","2017-07-12 15:58:01"
"616","有好东西巢蜜（2盒）","1010","720","ASN170706003","600","2017-07-12 15:14:00"
"1079","懿品福花生油","284","90","ASN170708017","100","2017-07-12 15:12:00"
"987","满天星中果","5","5","ASN170712010","355","2017-07-12 15:00:00"
"849","乐纯芒果菠萝三三三倍酸奶","263","3","ASN170712005","10","2017-07-12 12:00:00"
"851","乐纯榛子香草三三三倍酸奶","263","3","ASN170712005","10","2017-07-12 12:00:00"
"852","乐纯椰子玫瑰三三三倍酸奶","263","3","ASN170712005","10","2017-07-12 12:00:00"
"971","水果鲜玉米","398","3","ASN170711003","2400","2017-07-11 17:14:00"
"1014","刘老汉小吊瓜中果","1","5","ASN170711008","776","2017-07-11 17:04:00"
"879","新新果园山楂优块","37764","90","ASN170711012","6","2017-07-11 15:26:00"
"804","有好东西千禧圣女果","8","7","ASN170711009","230","2017-07-11 15:22:02"
"1107","美国车厘子","52","3","ASN170711004","93","2017-07-11 14:46:00"
"977","都乐超甜蕉","4","2","ASN170711001","60","2017-07-11 14:44:00"
"1043","玫瑰苹果","170","10","ASN170711001","620","2017-07-11 14:44:00"
"966","佳沛金果","314","10","ASN170711001","1240","2017-07-11 14:44:00"
"1099","25#新西兰金果","35","10","ASN170711001","50","2017-07-11 14:44:00"
"960","摩飞电器便携式果汁机迷你型","727","300","ASN170628001","500","2017-07-11 13:24:00"
"941","犁响生态鲜腐竹160g","11154","120","ASN170708015","5400","2017-07-11 12:38:00"
"816","有好东西手工面","1312","90","ASN170708014","1750","2017-07-11 12:24:00"
"758","有好东西藜麦","9430","365","ASN170708025","1500","2017-07-11 12:18:00"
"996","简爱原味裸酸奶1.08Kg","21","9","ASN170711005","1200","2017-07-11 12:14:00"
"997","简爱益生菌裸酸奶120g*4","5","9","ASN170711005","1152","2017-07-11 12:14:00"
"1069","简爱高蛋白酸奶100g*3","39","9","ASN170711005","540","2017-07-11 12:14:00"
"849","乐纯芒果菠萝三三三倍酸奶","263","3","ASN170711006","10","2017-07-11 12:10:00"
"851","乐纯榛子香草三三三倍酸奶","263","3","ASN170711006","10","2017-07-11 12:10:00"
"852","乐纯椰子玫瑰三三三倍酸奶","263","3","ASN170711006","10","2017-07-11 12:10:00"
"987","满天星中果","5","5","ASN170710021","340","2017-07-10 17:32:00"
"670","五彩野鸡蛋","4125","60","ASN170710004","4160","2017-07-10 17:22:00"
"1014","刘老汉小吊瓜中果","1","5","ASN170710019","192","2017-07-10 17:20:01"
"1140","冰糖木瓜（箱）","126","3","ASN170710017","7","2017-07-10 17:10:00"
"922","开椰器","8022","300","ASN170710018","10000","2017-07-10 16:36:00"
"1141","澳柑","164","15","ASN170710013","76","2017-07-10 16:28:01"
"977","都乐超甜蕉","4","2","ASN170710002","90","2017-07-10 15:32:00"
"1043","玫瑰苹果","170","10","ASN170710002","1860","2017-07-10 15:32:00"
"1011","红西柚","72","7","ASN170710002","400","2017-07-10 15:32:00"
"966","佳沛金果","314","10","ASN170710002","1240","2017-07-10 15:32:00"
"983","Bio-mex德国原装进口万用去污膏300g","1399","1000","ASN170710012","1","2017-07-10 15:14:00"
"1073","北极甜虾1Kg","637","300","ASN170710010","1035","2017-07-10 15:04:00"
"1137","新疆吊干杏（箱）","114","3","ASN170709022","304","2017-07-10 14:38:00"
"887","法国猪肋排","7658","300","ASN170709018","45","2017-07-10 10:34:00"
"887","法国猪肋排","7658","300","ASN170709017","2938","2017-07-10 10:32:00"
"665","六鳌蜜薯","354","25","ASN170626005","1920","2017-07-09 21:08:00"
"987","满天星中果","5","5","ASN170709021","130","2017-07-09 20:06:00"
"1132","老盐金桔柠檬粉","3305","540","ASN170707002","5016","2017-07-09 18:06:00"
"1107","美国车厘子","52","3","ASN170709001","186","2017-07-09 17:58:00"
"1011","红西柚","72","7","ASN170709001","400","2017-07-09 17:58:00"
"1099","25#新西兰金果","35","10","ASN170709001","50","2017-07-09 17:58:00"
"804","有好东西千禧圣女果","8","7","ASN170709010","110","2017-07-09 17:52:00"
"689","有好东西舟山带鱼","2159","300","ASN170709015","3000","2017-07-09 17:46:00"
"876","澳洲安格斯牛腱子","355","300","ASN170709016","198","2017-07-09 17:44:00"
"875","澳洲安格斯牛腩切条","720","300","ASN170709016","398","2017-07-09 17:44:00"
"1134","gululu智能水杯杯套","59","1000","ASN170707017","60","2017-07-09 17:40:00"
"1074","gululu智能水杯蓝色","4","1000","ASN170707018","15","2017-07-09 17:24:00"
"1075","gululu智能水杯黄色","11","1000","ASN170707019","15","2017-07-09 17:22:00"
"1076","gululu智能水杯红色","20","1000","ASN170707020","30","2017-07-09 17:22:00"
"983","Bio-mex德国原装进口万用去污膏300g","1399","1000","ASN170706010","2000","2017-07-09 16:28:00"
"987","满天星中果","5","5","ASN170709012","190","2017-07-09 16:28:00"
"1096","海南青柠檬","294","10","ASN170708003","799","2017-07-09 14:48:00"
"849","乐纯芒果菠萝三三三倍酸奶","263","3","ASN170709005","155","2017-07-09 14:48:00"
"851","乐纯榛子香草三三三倍酸奶","263","3","ASN170709005","155","2017-07-09 14:48:00"
"852","乐纯椰子玫瑰三三三倍酸奶","263","3","ASN170709005","155","2017-07-09 14:48:00"
"758","有好东西藜麦","9430","365","ASN170707025","3500","2017-07-09 14:44:00"
"1058","最生活毛巾浅色系卡其色","699","1000","ASN170629018","600","2017-07-09 14:42:00"
"1059","最生活毛巾浅色系灰蓝色","699","1000","ASN170629018","600","2017-07-09 14:42:00"
"1060","最生活毛巾浅色系浅绿色","699","1000","ASN170629018","600","2017-07-09 14:42:00"
"1061","最生活毛巾浅色系本白色","699","1000","ASN170629018","600","2017-07-09 14:42:00"
"874","威尔斯黄花鱼","1690","300","ASN170709002","576","2017-07-09 14:38:00"
"854","大船渔家黄蚬","13761","300","ASN170709004","100","2017-07-09 14:36:00"
"854","大船渔家黄蚬","13761","300","ASN170709003","10000","2017-07-09 14:34:00"
"874","威尔斯黄花鱼","1690","300","ASN170707026","1008","2017-07-09 14:28:00"
"948","厄瓜多尔白虾","2245","365","ASN170705003","3000","2017-07-08 19:44:00"
"1130","乐美雅2.5L玻璃锅LC-B62","400","1000","ASN170706013","180","2017-07-08 19:00:00"
"1131","乐美雅凝彩八角钻石水具5件套","401","1000","ASN170706013","180","2017-07-08 19:00:00"
"892","有好东西香蕉夹心海苔","3590","300","ASN170708020","2000","2017-07-08 18:28:00"
"891","有好东西芝麻夹心海苔52g","1730","300","ASN170708019","5000","2017-07-08 18:26:00"
"977","都乐超甜蕉","4","2","ASN170708001","120","2017-07-08 17:36:00"
"1043","玫瑰苹果","170","10","ASN170708001","310","2017-07-08 17:36:00"
"1011","红西柚","72","7","ASN170708001","200","2017-07-08 17:36:00"
"966","佳沛金果","314","10","ASN170708001","1240","2017-07-08 17:36:00"
"804","有好东西千禧圣女果","8","7","ASN170708004","246","2017-07-08 17:36:00"
"739","有好东西沁州黄小米","1210","270","ASN170707023","1280","2017-07-08 17:30:00"
"866","泰国椰青","6474","15","ASN170708013","19440","2017-07-08 16:10:00"
"1135","《爱探险的朵拉》票","80","100","ASN170707022","80","2017-07-08 16:08:00"
"994","霸蛮私房凉拌米粉","3502","270","ASN170705018","2640","2017-07-08 16:00:00"
"670","五彩野鸡蛋","4125","60","ASN170708012","2350","2017-07-08 16:00:00"
"970","海阳蜜瓜大果","1","10","ASN170708010","999","2017-07-08 15:06:00"
"849","乐纯芒果菠萝三三三倍酸奶","263","3","ASN170708007","200","2017-07-08 14:48:00"
"851","乐纯榛子香草三三三倍酸奶","263","3","ASN170708007","200","2017-07-08 14:48:00"
"852","乐纯椰子玫瑰三三三倍酸奶","263","3","ASN170708007","200","2017-07-08 14:48:00"
"1123","Trudeau自动开盖油醋瓶--绿灰","388","1000","ASN170707012","192","2017-07-08 14:42:00"
"1124","Trudeau自动开盖油醋瓶--紫灰","549","1000","ASN170707012","192","2017-07-08 14:42:00"
"1125","Trudeau自动开盖油醋瓶--橙灰","568","1000","ASN170707012","192","2017-07-08 14:42:00"
"605","有好东西火龙果5斤装","225","10","ASN170705012","500","2017-07-08 11:48:00"
"604","有好东西火龙果8斤装","132","10","ASN170705012","99","2017-07-08 11:48:00"
"1081","慕纯母婴专用本色纸抽纸20包*330张","1656","300","ASN170704008","500","2017-07-08 11:42:00"
"1082","慕纯母婴专用本色纸卷纸24卷*120g","1567","300","ASN170704008","500","2017-07-08 11:42:00"
"1074","gululu智能水杯蓝色","4","1000","ASN170707013","1","2017-07-07 16:40:00"
"670","五彩野鸡蛋","4125","60","ASN170707011","2390","2017-07-07 16:20:00"
"977","都乐超甜蕉","4","2","ASN170707003","60","2017-07-07 16:18:00"
"1011","红西柚","72","7","ASN170707003","400","2017-07-07 16:18:00"
"1099","25#新西兰金果","35","10","ASN170707003","50","2017-07-07 16:18:00"
"966","佳沛金果","314","10","ASN170707003","1240","2017-07-07 16:18:00"
"1107","美国车厘子","52","3","ASN170707006","186","2017-07-07 16:06:00"
"1107","美国车厘子","52","3","ASN170707015","93","2017-07-07 16:06:00"
"804","有好东西千禧圣女果","8","7","ASN170707010","90","2017-07-07 15:52:00"
"1133","达沃滋原味开心果200g","578","180","ASN170707004","500","2017-07-07 15:48:00"
"1133","达沃滋原味开心果200g","578","180","ASN170707016","4","2017-07-07 15:48:00"
"1128","《白雪公主》票","107","100","ASN170707005","7","2017-07-07 15:20:00"
"1054","Bioleder 皮具护理膏","198","1000","ASN170707009","29","2017-07-07 14:40:00"
"1126","西域软糯柿椒酱","472","180","ASN170705014","672","2017-07-07 14:38:00"
"1127","西域软糯柿椒酱便携装","137","180","ASN170705014","137","2017-07-07 14:38:00"
"879","新新果园山楂优块","37764","90","ASN170705015","20798","2017-07-07 14:24:00"
"1122","原味葵花籽","6329","90","ASN170706012","3000","2017-07-07 14:22:00"
"729","有好东西枣夹核桃","324","120","ASN170706014","600","2017-07-07 14:06:00"
"996","简爱原味裸酸奶1.08Kg","21","9","ASN170707007","90","2017-07-07 13:46:01"
"997","简爱益生菌裸酸奶120g*4","5","9","ASN170707007","144","2017-07-07 13:46:01"
"1069","简爱高蛋白酸奶100g*3","39","9","ASN170707007","240","2017-07-07 13:46:01"
"1052","海南桥沙地瓜","765","10","ASN170626006","2400","2017-07-06 18:38:00"
"965","重庆小面240g","3352","90","ASN170705004","3600","2017-07-06 17:44:00"
"1079","懿品福花生油","284","90","ASN170621027","100","2017-07-06 17:00:00"
"804","有好东西千禧圣女果","8","7","ASN170706005","100","2017-07-06 16:56:00"
"977","都乐超甜蕉","4","2","ASN170706006","60","2017-07-06 16:54:00"
"1107","美国车厘子","52","3","ASN170706006","279","2017-07-06 16:54:00"
"987","满天星中果","5","5","ASN170706009","440","2017-07-06 16:20:00"
"994","霸蛮私房凉拌米粉","3502","270","ASN170706007","20","2017-07-06 15:46:01"
"994","霸蛮私房凉拌米粉","3502","270","ASN170705017","960","2017-07-06 15:46:00"
"1108","霸蛮筷子","892","365","ASN170705017","1500","2017-07-06 15:46:00"
"950","霸蛮小菜四合一70g","1444","180","ASN170705017","500","2017-07-06 15:46:00"
"945","霸蛮黄牛肉米粉","2973","180","ASN170705017","1560","2017-07-06 15:46:00"
"1128","《白雪公主》票","107","100","ASN170705016","100","2017-07-05 20:02:03"
"1096","海南青柠檬","294","10","ASN170704002","799","2017-07-05 19:08:00"
"820","有好东西瑶鸡","213","90","ASN170628010","204","2017-07-05 18:32:00"
"670","五彩野鸡蛋","4125","60","ASN170705011","2385","2017-07-05 17:18:00"
"997","简爱益生菌裸酸奶120g*4","5","9","ASN170705010","15","2017-07-05 17:02:00"
"1069","简爱高蛋白酸奶100g*3","39","9","ASN170705010","12","2017-07-05 17:02:00"
"996","简爱原味裸酸奶1.08Kg","21","9","ASN170705002","54","2017-07-05 16:58:00"
"997","简爱益生菌裸酸奶120g*4","5","9","ASN170705002","336","2017-07-05 16:58:00"
"1069","简爱高蛋白酸奶100g*3","39","9","ASN170705002","60","2017-07-05 16:58:00"
"804","有好东西千禧圣女果","8","7","ASN170705008","90","2017-07-05 16:44:00"
"1043","玫瑰苹果","170","10","ASN170705001","620","2017-07-05 16:14:00"
"1099","25#新西兰金果","35","10","ASN170705001","50","2017-07-05 16:14:00"
"966","佳沛金果","314","10","ASN170705001","1240","2017-07-05 16:14:00"
"977","都乐超甜蕉","4","2","ASN170705006","90","2017-07-05 15:58:00"
"1012","柴猪肉猪蹄","140","180","ASN170705007","200","2017-07-05 14:48:00"
"1005","柴猪后腿肉500g","147","180","ASN170705007","300","2017-07-05 14:48:00"
"1004","柴猪五花肉500g","147","180","ASN170705007","300","2017-07-05 14:48:00"
"1006","柴猪肥瘦肉馅500g","146","180","ASN170705007","299","2017-07-05 14:48:00"
"892","有好东西香蕉夹心海苔","3590","300","ASN170703004","1000","2017-07-05 14:04:00"
"891","有好东西芝麻夹心海苔52g","1730","300","ASN170703003","2000","2017-07-05 14:02:00"
"994","霸蛮私房凉拌米粉","3502","270","ASN170703006","480","2017-07-05 14:00:00"
"670","五彩野鸡蛋","4125","60","ASN170704010","2390","2017-07-04 16:22:00"
"941","犁响生态鲜腐竹160g","11154","120","ASN170704006","6000","2017-07-04 16:06:00"
"742","有好东西螺蛳粉","921","50","ASN170627019","893","2017-07-04 15:44:00"
"742","有好东西螺蛳粉","921","50","ASN170704009","100","2017-07-04 15:38:00"
"804","有好东西千禧圣女果","8","7","ASN170704005","200","2017-07-04 15:34:00"
"1107","美国车厘子","52","3","ASN170704007","465","2017-07-04 15:30:00"
"1011","红西柚","72","7","ASN170703018","800","2017-07-04 15:20:00"
"1099","25#新西兰金果","35","10","ASN170703018","50","2017-07-04 15:20:00"
"977","都乐超甜蕉","4","2","ASN170703018","60","2017-07-04 15:20:00"
"966","佳沛金果","314","10","ASN170703018","2480","2017-07-04 15:20:00"
"996","简爱原味裸酸奶1.08Kg","21","9","ASN170704003","900","2017-07-04 15:18:00"
"997","简爱益生菌裸酸奶120g*4","5","9","ASN170704003","720","2017-07-04 15:18:00"
"1069","简爱高蛋白酸奶100g*3","39","9","ASN170704003","540","2017-07-04 15:18:00"
"1121","海蜇丝","169","365","ASN170704001","300","2017-07-04 15:06:00"
"677","福建肉燕","3220","270","ASN170702012","3120","2017-07-04 14:32:00"
"1033","达沃滋盐焗口味开心果200g","1016","90","ASN170703015","1008","2017-07-04 14:30:00"
"1022","德国进口triangle削皮刀","285","1000","ASN170630002","200","2017-07-04 14:26:00"
"670","五彩野鸡蛋","4125","60","ASN170703013","2250","2017-07-03 18:24:01"
"987","满天星中果","5","5","ASN170703016","650","2017-07-03 18:18:00"
"1107","美国车厘子","52","3","ASN170703011","14","2017-07-03 17:16:00"
"977","都乐超甜蕉","4","2","ASN170703005","15","2017-07-03 16:14:00"
"804","有好东西千禧圣女果","8","7","ASN170703012","80","2017-07-03 16:14:00"
"977","都乐超甜蕉","4","2","ASN170703001","60","2017-07-03 16:08:00"
"1011","红西柚","72","7","ASN170703001","1200","2017-07-03 16:08:00"
"1043","玫瑰苹果","170","10","ASN170703001","620","2017-07-03 16:08:00"
"966","佳沛金果","314","10","ASN170703001","2480","2017-07-03 16:08:00"
"618","有好东西每日坚果","594","300","ASN170703002","1000","2017-07-03 15:48:00"
"990","海大大麻辣鱿鱼头250g","242","300","ASN170703008","300","2017-07-03 14:56:00"
"991","海大大麻辣鱿鱼嘴250g","1","300","ASN170703008","300","2017-07-03 14:56:00"
"992","海大大麻辣鱼豆腐300g","297","300","ASN170703008","300","2017-07-03 14:56:00"
"993","海大大麻辣海鳌虾300g","70","300","ASN170703008","300","2017-07-03 14:56:00"
"849","乐纯芒果菠萝三三三倍酸奶","263","3","ASN170703009","100","2017-07-03 14:36:00"
"851","乐纯榛子香草三三三倍酸奶","263","3","ASN170703009","100","2017-07-03 14:36:00"
"852","乐纯椰子玫瑰三三三倍酸奶","263","3","ASN170703009","100","2017-07-03 14:36:00"
"887","法国猪肋排","7658","300","ASN170703007","2015","2017-07-03 14:26:00"
"779","有好东西山核桃仁","742","240","ASN170629020","500","2017-07-03 14:18:00"
"758","有好东西藜麦","9430","365","ASN170703010","2000","2017-07-03 14:16:00"
"1014","刘老汉小吊瓜中果","1","5","ASN170702008","582","2017-07-02 18:46:00"
"1043","玫瑰苹果","170","10","ASN170702002","630","2017-07-02 17:20:00"
"804","有好东西千禧圣女果","8","7","ASN170702004","85","2017-07-02 17:14:00"
"670","五彩野鸡蛋","4125","60","ASN170702006","2390","2017-07-02 17:14:00"
"849","乐纯芒果菠萝三三三倍酸奶","263","3","ASN170702003","105","2017-07-02 15:26:00"
"851","乐纯榛子香草三三三倍酸奶","263","3","ASN170702003","105","2017-07-02 15:26:00"
"852","乐纯椰子玫瑰三三三倍酸奶","263","3","ASN170702003","105","2017-07-02 15:26:00"
"605","有好东西火龙果5斤装","225","10","ASN170629006","500","2017-07-02 15:00:00"
"604","有好东西火龙果8斤装","132","10","ASN170629006","100","2017-07-02 15:00:00"
"987","满天星中果","5","5","ASN170701016","1870","2017-07-01 20:24:00"
"670","五彩野鸡蛋","4125","60","ASN170701005","4785","2017-07-01 18:08:00"
"804","有好东西千禧圣女果","8","7","ASN170701004","130","2017-07-01 17:08:00"
"977","都乐超甜蕉","4","2","ASN170701002","60","2017-07-01 17:02:00"
"1011","红西柚","72","7","ASN170701002","400","2017-07-01 17:02:00"
"1099","25#新西兰金果","35","10","ASN170701002","100","2017-07-01 17:02:00"
"1099","25#新西兰金果","35","10","ASN170701013","50","2017-07-01 17:02:00"
"1014","刘老汉小吊瓜中果","1","5","ASN170701012","588","2017-07-01 16:50:00"
"875","澳洲安格斯牛腩切条","720","300","ASN170701011","400","2017-07-01 16:42:00"
"876","澳洲安格斯牛腱子","355","300","ASN170701011","300","2017-07-01 16:42:00"
"849","乐纯芒果菠萝三三三倍酸奶","263","3","ASN170701010","5","2017-07-01 16:36:00"
"851","乐纯榛子香草三三三倍酸奶","263","3","ASN170701010","5","2017-07-01 16:36:00"
"852","乐纯椰子玫瑰三三三倍酸奶","263","3","ASN170701010","5","2017-07-01 16:36:00"
"879","新新果园山楂优块","37764","90","ASN170701001","30400","2017-07-01 16:32:00"
"849","乐纯芒果菠萝三三三倍酸奶","263","3","ASN170630003","200","2017-07-01 14:50:00"
"851","乐纯榛子香草三三三倍酸奶","263","3","ASN170630003","200","2017-07-01 14:50:00"
"852","乐纯椰子玫瑰三三三倍酸奶","263","3","ASN170630003","200","2017-07-01 14:50:00"
"1077","鳕鱼芹菜水饺460g","2248","90","ASN170701006","980","2017-07-01 14:40:00"
"1078","鳕鱼韭菜水饺460g","2192","90","ASN170701007","940","2017-07-01 14:28:00"
"887","法国猪肋排","7658","300","ASN170630020","2750","2017-06-30 22:40:00"
"866","泰国椰青","6474","15","ASN170630021","19440","2017-06-30 22:36:00"
"796","有好东西三文鱼","206","540","ASN170628008","500","2017-06-30 22:34:00"
"689","有好东西舟山带鱼","2159","300","ASN170630004","3000","2017-06-30 22:30:00"
"1096","海南青柠檬","294","10","ASN170627005","1000","2017-06-30 20:16:00"
"1104","大荔冬枣中果","282","4","ASN170630016","6","2017-06-30 20:04:00"
"1105","大荔冬枣大果","63","4","ASN170630017","6","2017-06-30 20:02:00"
"1105","大荔冬枣大果","63","4","ASN170630014","44","2017-06-30 19:54:00"
"1104","大荔冬枣中果","282","4","ASN170630015","46","2017-06-30 19:52:00"
"804","有好东西千禧圣女果","8","7","ASN170630010","157","2017-06-30 18:16:00"
"670","五彩野鸡蛋","4125","60","ASN170630009","2374","2017-06-30 17:58:00"
"977","都乐超甜蕉","4","2","ASN170630001","300","2017-06-30 17:44:00"
"1011","红西柚","72","7","ASN170630001","400","2017-06-30 17:44:00"
"1014","刘老汉小吊瓜中果","1","5","ASN170630012","1612","2017-06-30 17:42:00"
"1079","懿品福花生油","284","90","ASN170627011","100","2017-06-30 15:26:00"
"965","重庆小面240g","3352","90","ASN170627002","3598","2017-06-30 15:22:00"
"1101","美国Contigo康迪克小发明家系列儿童水壶-恐龙","7","1000","ASN170627020","100","2017-06-30 15:08:01"
"1087","美国Contigo康迪克小发明家系列儿童水壶-猫咪","106","1000","ASN170627020","100","2017-06-30 15:08:01"
"1086","美国Contigo康迪克小发明家系列儿童水壶-猫头鹰","100","1000","ASN170627020","80","2017-06-30 15:08:01"
"1083","美国Contigo康迪克小发明家系列儿童水壶-太空","93","1000","ASN170627020","100","2017-06-30 15:08:01"
"1085","美国Contigo康迪克小发明家系列儿童水壶-黄色长颈鹿","104","1000","ASN170627020","80","2017-06-30 15:08:01"
"983","Bio-mex德国原装进口万用去污膏300g","1399","1000","ASN170627012","5","2017-06-30 00:42:00"
"970","海阳蜜瓜大果","1","10","ASN170629003","1572","2017-06-29 23:32:00"
"1013","中号瑶鸡","41","90","ASN170628010","314","2017-06-29 23:26:00"
"804","有好东西千禧圣女果","8","7","ASN170629009","345","2017-06-29 22:52:00"
"1073","北极甜虾1Kg","637","300","ASN170629010","389","2017-06-29 16:58:00"
"1073","北极甜虾1Kg","637","300","ASN170627008","600","2017-06-29 16:56:00"
"1067","怪味香肠320g","528","90","ASN170626011","320","2017-06-29 16:54:00"
"1068","广式香肠320g","444","90","ASN170626011","480","2017-06-29 16:54:00"
"670","五彩野鸡蛋","4125","60","ASN170629008","2400","2017-06-29 16:54:00"
"977","都乐超甜蕉","4","2","ASN170629005","120","2017-06-29 16:08:00"
"1011","红西柚","72","7","ASN170629005","1200","2017-06-29 16:08:00"
"1043","玫瑰苹果","170","10","ASN170629005","630","2017-06-29 16:08:00"
"1099","25#新西兰金果","35","10","ASN170629005","50","2017-06-29 16:08:00"
"670","五彩野鸡蛋","4125","60","ASN170628003","11374","2017-06-28 16:56:00"
"942","农良造牛肝菌380g","283","300","ASN170626010","320","2017-06-28 16:14:00"
"977","都乐超甜蕉","4","2","ASN170628005","60","2017-06-28 16:10:00"
"1043","玫瑰苹果","170","10","ASN170628005","630","2017-06-28 16:10:00"
"1099","25#新西兰金果","35","10","ASN170628005","150","2017-06-28 16:10:00"
"941","犁响生态鲜腐竹160g","11154","120","ASN170627009","5700","2017-06-28 16:06:00"
"887","法国猪肋排","7658","300","ASN170628007","2148","2017-06-28 14:54:00"
"990","海大大麻辣鱿鱼头250g","242","300","ASN170628006","200","2017-06-28 14:52:00"
"991","海大大麻辣鱿鱼嘴250g","1","300","ASN170628006","200","2017-06-28 14:52:00"
"992","海大大麻辣鱼豆腐300g","297","300","ASN170628006","200","2017-06-28 14:52:00"
"993","海大大麻辣海鳌虾300g","70","300","ASN170628006","200","2017-06-28 14:52:00"
"779","有好东西山核桃仁","742","240","ASN170627003","196","2017-06-28 14:50:00"
"1080","洪湖渔家麻辣小龙虾15-20只900g","1","300","ASN170627007","14000","2017-06-27 19:00:00"
"994","霸蛮私房凉拌米粉","3502","270","ASN170627014","408","2017-06-27 18:20:00"
"945","霸蛮黄牛肉米粉","2973","180","ASN170627014","240","2017-06-27 18:20:00"
"804","有好东西千禧圣女果","8","7","ASN170627016","440","2017-06-27 16:52:00"
"977","都乐超甜蕉","4","2","ASN170627004","150","2017-06-27 16:50:00"
"1011","红西柚","72","7","ASN170627004","1200","2017-06-27 16:50:00"
"1099","25#新西兰金果","35","10","ASN170627004","100","2017-06-27 16:50:00"
"1043","玫瑰苹果","170","10","ASN170627004","630","2017-06-27 16:50:00"
"996","简爱原味裸酸奶1.08Kg","21","9","ASN170627013","210","2017-06-27 15:10:11"
"997","简爱益生菌裸酸奶120g*4","5","9","ASN170627013","960","2017-06-27 15:10:11"
"1069","简爱高蛋白酸奶100g*3","39","9","ASN170627013","600","2017-06-27 15:10:11"
"1081","慕纯母婴专用本色纸抽纸20包*330张","1656","300","ASN170623018","300","2017-06-27 14:52:00"
"1082","慕纯母婴专用本色纸卷纸24卷*120g","1567","300","ASN170623018","300","2017-06-27 14:52:00"
"758","有好东西藜麦","9430","365","ASN170623001","2099","2017-06-27 14:32:00"
"605","有好东西火龙果5斤装","225","10","ASN170626004","399","2017-06-27 14:16:00"
"604","有好东西火龙果8斤装","132","10","ASN170626004","199","2017-06-27 14:16:00"
"665","六鳌蜜薯","354","25","ASN170627010","50","2017-06-27 14:12:01"
"1052","海南桥沙地瓜","765","10","ASN170623013","898","2017-06-27 00:40:00"
"662","姜母红糖","94","365","ASN170623008","336","2017-06-26 17:06:00"
"663","玫瑰红糖","34","365","ASN170623008","216","2017-06-26 17:06:00"
"664","原味红糖","143","365","ASN170623008","320","2017-06-26 17:06:00"
"670","五彩野鸡蛋","4125","60","ASN170626009","2400","2017-06-26 16:18:00"
"804","有好东西千禧圣女果","8","7","ASN170626008","330","2017-06-26 16:16:00"
"843","蜜舐椴树蜂蜜","551","365","ASN170623006","300","2017-06-26 15:30:00"
"977","都乐超甜蕉","4","2","ASN170626003","270","2017-06-26 14:58:00"
"1011","红西柚","72","7","ASN170626003","800","2017-06-26 14:58:00"
"1043","玫瑰苹果","170","10","ASN170626003","630","2017-06-26 14:58:00"
"966","佳沛金果","314","10","ASN170626003","1080","2017-06-26 14:58:00"
"793","赠品红枣","300","365","ASN170626002","300","2017-06-26 14:44:00"
"777","有好东西和田玉枣","875","365","ASN170626001","1000","2017-06-26 14:42:00"
"849","乐纯芒果菠萝三三三倍酸奶","263","3","ASN170626013","100","2017-06-26 14:36:00"
"851","乐纯榛子香草三三三倍酸奶","263","3","ASN170626013","100","2017-06-26 14:36:00"
"852","乐纯椰子玫瑰三三三倍酸奶","263","3","ASN170626013","100","2017-06-26 14:36:00"
"887","法国猪肋排","7658","300","ASN170626014","1000","2017-06-26 14:28:00"
"987","满天星中果","5","5","ASN170625010","605","2017-06-25 19:04:00"
"945","霸蛮黄牛肉米粉","2973","180","ASN170623015","1008","2017-06-25 19:00:00"
"994","霸蛮私房凉拌米粉","3502","270","ASN170623015","1008","2017-06-25 19:00:00"
"1054","Bioleder 皮具护理膏","198","1000","ASN170624002","473","2017-06-25 16:04:00"
"665","六鳌蜜薯","354","25","ASN170622003","950","2017-06-25 15:32:00"
"866","泰国椰青","6474","15","ASN170624015","20000","2017-06-25 15:26:00"
"605","有好东西火龙果5斤装","225","10","ASN170619013","500","2017-06-25 15:18:00"
"604","有好东西火龙果8斤装","132","10","ASN170619013","100","2017-06-25 15:18:00"
"670","五彩野鸡蛋","4125","60","ASN170625004","2394","2017-06-25 14:54:00"
"966","佳沛金果","314","10","ASN170625001","2160","2017-06-25 14:50:00"
"959","即食香螺200g","1784","300","ASN170625006","200","2017-06-25 14:30:04"
"959","即食香螺200g","1784","300","ASN170625005","100","2017-06-25 14:30:03"
"849","乐纯芒果菠萝三三三倍酸奶","263","3","ASN170625002","100","2017-06-25 14:26:00"
"851","乐纯榛子香草三三三倍酸奶","263","3","ASN170625002","100","2017-06-25 14:26:00"
"852","乐纯椰子玫瑰三三三倍酸奶","263","3","ASN170625002","100","2017-06-25 14:26:00"
"1083","美国Contigo康迪克小发明家系列儿童水壶-太空","93","1000","ASN170623012","40","2017-06-25 09:28:00"
"1085","美国Contigo康迪克小发明家系列儿童水壶-黄色长颈鹿","104","1000","ASN170623012","60","2017-06-25 09:28:00"
"1086","美国Contigo康迪克小发明家系列儿童水壶-猫头鹰","100","1000","ASN170623012","60","2017-06-25 09:28:00"
"1087","美国Contigo康迪克小发明家系列儿童水壶-猫咪","106","1000","ASN170623012","60","2017-06-25 09:28:00"
"1037","法国ParaKito驱蚊手环婴儿童防蚊手环—巨嘴鸟","301","1000","ASN170621007","312","2017-06-24 19:34:00"
"1038","法国ParaKito驱蚊手环婴儿童防蚊手环--顽皮鳄鱼","242","1000","ASN170621008","312","2017-06-24 19:34:00"
"1035","法国ParaKito驱蚊手环婴儿童防蚊手环—创意玩具","210","1000","ASN170621009","192","2017-06-24 19:32:00"
"1078","鳕鱼韭菜水饺460g","2192","90","ASN170622002","500","2017-06-24 17:20:00"
"1077","鳕鱼芹菜水饺460g","2248","90","ASN170622001","500","2017-06-24 17:18:00"
"987","满天星中果","5","5","ASN170624010","1180","2017-06-24 17:08:00"
"820","有好东西瑶鸡","213","90","ASN170620004","204","2017-06-24 16:56:00"
"1013","中号瑶鸡","41","90","ASN170620004","105","2017-06-24 16:56:00"
"1036","法国ParaKito驱蚊手环婴儿童防蚊手环—可口冰激淋","246","1000","ASN170621006","192","2017-06-24 16:40:00"
"1034","法国ParaKito驱蚊手环婴儿童防蚊手环—百变公主","263","1000","ASN170621005","312","2017-06-24 16:38:00"
"1039","法国ParaKito驱蚊手环婴儿童防蚊手环—北极熊","241","1000","ASN170621004","312","2017-06-24 16:36:00"
"1047","法国ParaKito帕洛驱蚊片替换装","217","1000","ASN170621010","500","2017-06-24 16:34:00"
"1074","gululu智能水杯蓝色","4","1000","ASN170624006","5","2017-06-24 16:32:00"
"1075","gululu智能水杯黄色","11","1000","ASN170624007","5","2017-06-24 16:30:00"
"1076","gululu智能水杯红色","20","1000","ASN170624008","20","2017-06-24 16:28:00"
"977","都乐超甜蕉","4","2","ASN170622004","60","2017-06-24 16:12:00"
"977","都乐超甜蕉","4","2","ASN170623005","45","2017-06-24 16:12:00"
"977","都乐超甜蕉","4","2","ASN170623017","90","2017-06-24 16:08:00"
"1011","红西柚","72","7","ASN170623017","800","2017-06-24 16:08:00"
"1043","玫瑰苹果","170","10","ASN170623017","630","2017-06-24 16:08:00"
"966","佳沛金果","314","10","ASN170623017","1080","2017-06-24 16:08:00"
"804","有好东西千禧圣女果","8","7","ASN170624001","490","2017-06-24 16:00:00"
"739","有好东西沁州黄小米","1210","270","ASN170619015","1600","2017-06-24 15:50:00"
"849","乐纯芒果菠萝三三三倍酸奶","263","3","ASN170623014","200","2017-06-24 14:34:00"
"851","乐纯榛子香草三三三倍酸奶","263","3","ASN170623014","200","2017-06-24 14:34:00"
"852","乐纯椰子玫瑰三三三倍酸奶","263","3","ASN170623014","200","2017-06-24 14:34:00"
"941","犁响生态鲜腐竹160g","11154","120","ASN170623009","3900","2017-06-24 14:30:00"
"816","有好东西手工面","1312","90","ASN170620007","1505","2017-06-24 14:14:00"
"965","重庆小面240g","3352","90","ASN170620009","3596","2017-06-23 19:16:00"
"670","五彩野鸡蛋","4125","60","ASN170623004","2399","2017-06-23 17:14:00"
"1043","玫瑰苹果","170","10","ASN170623005","630","2017-06-23 17:12:00"
"804","有好东西千禧圣女果","8","7","ASN170623002","680","2017-06-23 17:10:00"
"1052","海南桥沙地瓜","765","10","ASN170619012","973","2017-06-23 15:48:00"
"779","有好东西山核桃仁","742","240","ASN170620010","288","2017-06-23 15:46:00"
"987","满天星中果","5","5","ASN170623011","310","2017-06-23 15:42:00"
"998","BRITA碧然德滤水壶即热净水吧","35","1000","ASN170620002","50","2017-06-23 15:18:00"
"1080","洪湖渔家麻辣小龙虾15-20只900g","1","300","ASN170622009","4000","2017-06-23 11:04:00"
"966","佳沛金果","314","10","ASN170622004","1080","2017-06-22 18:04:00"
"987","满天星中果","5","5","ASN170622008","495","2017-06-22 16:00:00"
"689","有好东西舟山带鱼","2159","300","ASN170622005","19","2017-06-22 15:44:00"
"689","有好东西舟山带鱼","2159","300","ASN170621016","2300","2017-06-22 15:40:00"
"1045","好哩传统厚片纯燕麦片","850","730","ASN170620025","616","2017-06-22 15:36:00"
"1073","北极甜虾1Kg","637","300","ASN170622006","253","2017-06-22 14:48:00"
"616","有好东西巢蜜（2盒）","1010","720","ASN170620005","600","2017-06-22 14:34:00"
"758","有好东西藜麦","9430","365","ASN170620008","1000","2017-06-22 14:28:00"
"1074","gululu智能水杯蓝色","4","1000","ASN170621017","10","2017-06-21 20:10:00"
"1075","gululu智能水杯黄色","11","1000","ASN170621018","10","2017-06-21 20:08:00"
"1076","gululu智能水杯红色","20","1000","ASN170621019","10","2017-06-21 20:08:00"
"1022","德国进口triangle削皮刀","285","1000","ASN170619007","200","2017-06-21 19:42:00"
"804","有好东西千禧圣女果","8","7","ASN170621012","296","2017-06-21 19:10:00"
"665","六鳌蜜薯","354","25","ASN170616012","3400","2017-06-21 19:08:00"
"960","摩飞电器便携式果汁机迷你型","727","300","ASN170615005","500","2017-06-21 19:06:00"
"1023","新疆切糕","260","90","ASN170621014","253","2017-06-21 17:52:00"
"670","五彩野鸡蛋","4125","60","ASN170621015","2400","2017-06-21 17:50:00"
"977","都乐超甜蕉","4","2","ASN170621001","60","2017-06-21 17:12:00"
"1011","红西柚","72","7","ASN170621001","400","2017-06-21 17:10:00"
"1043","玫瑰苹果","170","10","ASN170621001","630","2017-06-21 17:10:00"
"966","佳沛金果","314","10","ASN170621001","1080","2017-06-21 17:10:00"
"876","澳洲安格斯牛腱子","355","300","ASN170620015","300","2017-06-21 16:08:00"
"875","澳洲安格斯牛腩切条","720","300","ASN170620015","600","2017-06-21 16:08:00"
"1069","简爱高蛋白酸奶100g*3","39","9","ASN170620024","816","2017-06-20 18:50:00"
"866","泰国椰青","6474","15","ASN170620023","4275","2017-06-20 18:20:00"
"987","满天星中果","5","5","ASN170620018","125","2017-06-20 16:22:00"
"996","简爱原味裸酸奶1.08Kg","21","9","ASN170620013","288","2017-06-20 15:46:00"
"997","简爱益生菌裸酸奶120g*4","5","9","ASN170620013","888","2017-06-20 15:46:00"
"804","有好东西千禧圣女果","8","7","ASN170620011","252","2017-06-20 15:30:00"
"977","都乐超甜蕉","4","2","ASN170620001","60","2017-06-20 15:24:00"
"1011","红西柚","72","7","ASN170620001","1200","2017-06-20 15:24:00"
"966","佳沛金果","314","10","ASN170620001","1080","2017-06-20 15:24:00"
"764","有好东西银鳕鱼","5","300","ASN170618011","888","2017-06-19 22:16:00"
"703","有好东西阿根廷红虾","149","540","ASN170618012","420","2017-06-19 20:50:00"
"804","有好东西千禧圣女果","8","7","ASN170618004","589","2017-06-19 19:12:00"
"1015","卖栗迁西甘栗仁","7109","365","ASN170618013","11412","2017-06-19 19:10:00"
"1058","最生活毛巾浅色系卡其色","699","1000","ASN170619003","600","2017-06-19 18:02:00"
"1060","最生活毛巾浅色系浅绿色","699","1000","ASN170619005","600","2017-06-19 18:02:00"
"1059","最生活毛巾浅色系灰蓝色","699","1000","ASN170619004","600","2017-06-19 18:00:00"
"966","佳沛金果","314","10","ASN170619001","1080","2017-06-19 17:58:00"
"1061","最生活毛巾浅色系本白色","699","1000","ASN170619006","600","2017-06-19 17:58:00"
"977","都乐超甜蕉","4","2","ASN170619009","120","2017-06-19 17:26:00"
"1043","玫瑰苹果","170","10","ASN170618003","252","2017-06-19 16:48:00"
"1052","海南桥沙地瓜","765","10","ASN170613019","1000","2017-06-18 22:16:00"
"1032","五常粥米1Kg","498","120","ASN170603001","1000","2017-06-18 17:26:00"
"948","厄瓜多尔白虾","2245","365","ASN170618010","600","2017-06-18 16:58:00"
"866","泰国椰青","6474","15","ASN170618014","8973","2017-06-18 16:54:00"
"1043","玫瑰苹果","170","10","ASN170618002","630","2017-06-18 16:12:00"
"966","佳沛金果","314","10","ASN170618002","1080","2017-06-18 16:12:00"
"1014","刘老汉小吊瓜中果","1","5","ASN170618006","358","2017-06-18 14:50:00"
"879","新新果园山楂优块","37764","90","ASN170616011","13572","2017-06-18 13:06:00"
"605","有好东西火龙果5斤装","225","10","ASN170616014","500","2017-06-18 13:02:00"
"977","都乐超甜蕉","4","2","ASN170617001","120","2017-06-17 17:52:00"
"1043","玫瑰苹果","170","10","ASN170617001","630","2017-06-17 17:52:00"
"966","佳沛金果","314","10","ASN170617001","1080","2017-06-17 17:52:00"
"965","重庆小面240g","3352","90","ASN170614009","3235","2017-06-17 17:32:00"
"605","有好东西火龙果5斤装","225","10","ASN170615002","100","2017-06-17 14:02:01"
"604","有好东西火龙果8斤装","132","10","ASN170615002","97","2017-06-17 14:02:01"
"605","有好东西火龙果5斤装","225","10","ASN170615009","400","2017-06-17 14:02:01"
"605","有好东西火龙果5斤装","225","10","ASN170616013","200","2017-06-17 13:58:00"
"670","五彩野鸡蛋","4125","60","ASN170615016","9594","2017-06-16 19:02:00"
"977","都乐超甜蕉","4","2","ASN170616009","120","2017-06-16 18:02:00"
"1054","Bioleder 皮具护理膏","198","1000","ASN170613018","400","2017-06-16 17:28:00"
"983","Bio-mex德国原装进口万用去污膏300g","1399","1000","ASN170613017","1000","2017-06-16 16:48:00"
"958","有好东西落花生","1967","100","ASN170612003","828","2017-06-16 16:46:00"
"999","BRITA碧然德Marella XL 3.5L滤水壶","204","1000","ASN170615011","200","2017-06-16 16:38:00"
"887","法国猪肋排","7658","300","ASN170616002","1480","2017-06-16 16:26:01"
"970","海阳蜜瓜大果","1","10","ASN170616004","2655","2017-06-16 16:18:00"
"941","犁响生态鲜腐竹160g","11154","120","ASN170616001","4500","2017-06-16 15:40:00"
"1043","玫瑰苹果","170","10","ASN170615015","630","2017-06-16 14:48:00"
"1011","红西柚","72","7","ASN170615015","1600","2017-06-16 14:30:05"
"966","佳沛金果","314","10","ASN170615015","3240","2017-06-16 14:30:05"
"1062","沁州黄小米100克","790","270","ASN170615014","1000","2017-06-15 19:00:00"
"670","五彩野鸡蛋","4125","60","ASN170615006","2400","2017-06-15 16:26:00"
"1015","卖栗迁西甘栗仁","7109","365","ASN170615012","6900","2017-06-15 16:20:00"
"966","佳沛金果","314","10","ASN170615001","1080","2017-06-15 15:08:00"
"977","都乐超甜蕉","4","2","ASN170615003","75","2017-06-15 15:06:00"
"977","都乐超甜蕉","4","2","ASN170614001","90","2017-06-14 19:08:00"
"994","霸蛮私房凉拌米粉","3502","270","ASN170613008","2040","2017-06-14 17:20:00"
"1053","霸蛮香辣牛杂粉","1220","180","ASN170613008","2136","2017-06-14 17:20:00"
"1045","好哩传统厚片纯燕麦片","850","730","ASN170611006","980","2017-06-14 17:08:00"
"1046","好哩燕麦麸皮","415","730","ASN170611006","480","2017-06-14 17:08:00"
"876","澳洲安格斯牛腱子","355","300","ASN170614004","150","2017-06-14 16:04:00"
"875","澳洲安格斯牛腩切条","720","300","ASN170614004","300","2017-06-14 16:04:00"
"966","佳沛金果","314","10","ASN170614001","50","2017-06-14 15:52:00"
"804","有好东西千禧圣女果","8","7","ASN170613011","21","2017-06-13 21:18:00"
"665","六鳌蜜薯","354","25","ASN170611002","50","2017-06-13 18:26:00"
"987","满天星中果","5","5","ASN170613014","250","2017-06-13 18:26:00"
"1015","卖栗迁西甘栗仁","7109","365","ASN170611003","9657","2017-06-13 17:36:00"
"1011","红西柚","72","7","ASN170613001","800","2017-06-13 17:32:00"
"977","都乐超甜蕉","4","2","ASN170613003","525","2017-06-13 17:26:00"
"1043","玫瑰苹果","170","10","ASN170613003","1260","2017-06-13 17:26:00"
"670","五彩野鸡蛋","4125","60","ASN170613009","1200","2017-06-13 17:04:00"
"996","简爱原味裸酸奶1.08Kg","21","9","ASN170613004","492","2017-06-13 16:00:00"
"997","简爱益生菌裸酸奶120g*4","5","9","ASN170613004","1296","2017-06-13 16:00:00"
"866","泰国椰青","6474","15","ASN170613012","4320","2017-06-13 15:50:00"
"1048","爱思得（Arsto）抽真空双重密封罐三件套","207","10000","ASN170610016","300","2017-06-13 15:38:00"
"1014","刘老汉小吊瓜中果","1","5","ASN170612014","1070","2017-06-12 20:44:00"
"987","满天星中果","5","5","ASN170612011","320","2017-06-12 20:02:01"
"670","五彩野鸡蛋","4125","60","ASN170612007","4800","2017-06-12 19:26:00"
"977","都乐超甜蕉","4","2","ASN170612002","150","2017-06-12 19:18:00"
"1011","红西柚","72","7","ASN170612002","1200","2017-06-12 19:18:00"
"1043","玫瑰苹果","170","10","ASN170612001","1300","2017-06-12 19:16:00"
"1011","红西柚","72","7","ASN170612001","800","2017-06-12 19:16:00"
"966","佳沛金果","314","10","ASN170612001","2160","2017-06-12 19:16:00"
"941","犁响生态鲜腐竹160g","11154","120","ASN170611007","5999","2017-06-12 18:52:00"
"1036","法国ParaKito驱蚊手环婴儿童防蚊手环—可口冰激淋","246","1000","ASN170610012","240","2017-06-12 17:24:00"
"1039","法国ParaKito驱蚊手环婴儿童防蚊手环—北极熊","241","1000","ASN170610015","240","2017-06-12 17:20:00"
"1047","法国ParaKito帕洛驱蚊片替换装","217","1000","ASN170610009","200","2017-06-12 17:18:00"
"1038","法国ParaKito驱蚊手环婴儿童防蚊手环--顽皮鳄鱼","242","1000","ASN170610014","120","2017-06-12 16:56:00"
"1037","法国ParaKito驱蚊手环婴儿童防蚊手环—巨嘴鸟","301","1000","ASN170610013","120","2017-06-12 16:52:00"
"1034","法国ParaKito驱蚊手环婴儿童防蚊手环—百变公主","263","1000","ASN170610010","240","2017-06-12 16:50:00"
"1035","法国ParaKito驱蚊手环婴儿童防蚊手环—创意玩具","210","1000","ASN170610011","120","2017-06-12 16:50:00"
"966","佳沛金果","314","10","ASN170611001","1080","2017-06-11 16:44:00"
"1033","达沃滋盐焗口味开心果200g","1016","90","ASN170611009","144","2017-06-11 16:34:00"
"742","有好东西螺蛳粉","921","50","ASN170606013","800","2017-06-11 14:10:00"
"605","有好东西火龙果5斤装","225","10","ASN170611004","500","2017-06-11 14:06:00"
"604","有好东西火龙果8斤装","132","10","ASN170611004","200","2017-06-11 14:06:00"
"1014","刘老汉小吊瓜中果","1","5","ASN170611010","1024","2017-06-11 14:02:00"
"779","有好东西山核桃仁","742","240","ASN170608005","800","2017-06-11 13:46:00"
"970","海阳蜜瓜大果","1","10","ASN170610024","2004","2017-06-10 19:56:00"
"689","有好东西舟山带鱼","2159","300","ASN170610005","839","2017-06-10 19:00:00"
"821","有好东西榴莲干","492","300","ASN170608002","1050","2017-06-10 18:56:00"
"825","有好东西芒果干","682","300","ASN170608003","1050","2017-06-10 18:56:00"
"1014","刘老汉小吊瓜中果","1","5","ASN170610018","400","2017-06-10 18:32:00"
"670","五彩野鸡蛋","4125","60","ASN170610006","9000","2017-06-10 18:14:00"
"1022","德国进口triangle削皮刀","285","1000","ASN170610008","150","2017-06-10 17:22:00"
"1004","柴猪五花肉500g","147","180","ASN170610007","300","2017-06-10 16:50:00"
"1005","柴猪后腿肉500g","147","180","ASN170610007","300","2017-06-10 16:50:00"
"1006","柴猪肥瘦肉馅500g","146","180","ASN170610007","300","2017-06-10 16:50:00"
"1012","柴猪肉猪蹄","140","180","ASN170610007","300","2017-06-10 16:50:00"
"977","都乐超甜蕉","4","2","ASN170610001","120","2017-06-10 16:34:00"
"1011","红西柚","72","7","ASN170610001","400","2017-06-10 16:34:00"
"662","姜母红糖","94","365","ASN170609002","480","2017-06-10 14:42:00"
"664","原味红糖","143","365","ASN170609002","200","2017-06-10 14:42:00"
"816","有好东西手工面","1312","90","ASN170607003","1050","2017-06-10 13:56:00"
"994","霸蛮私房凉拌米粉","3502","270","ASN170608001","1512","2017-06-10 11:32:00"
"822","有好东西草莓干","678","300","ASN170608004","1050","2017-06-09 19:20:00"
"977","都乐超甜蕉","4","2","ASN170609001","60","2017-06-09 19:10:00"
"1043","玫瑰苹果","170","10","ASN170609001","1300","2017-06-09 19:10:00"
"966","佳沛金果","314","10","ASN170609001","2160","2017-06-09 19:10:00"
"670","五彩野鸡蛋","4125","60","ASN170609007","12000","2017-06-09 18:38:00"
"605","有好东西火龙果5斤装","225","10","ASN170607011","799","2017-06-09 15:06:00"
"1014","刘老汉小吊瓜中果","1","5","ASN170609004","856","2017-06-09 14:56:00"
"922","开椰器","8022","300","ASN170608012","6000","2017-06-08 17:36:00"
"670","五彩野鸡蛋","4125","60","ASN170608007","1200","2017-06-08 17:18:00"
"987","满天星中果","5","5","ASN170608010","165","2017-06-08 16:38:00"
"977","都乐超甜蕉","4","2","ASN170607012","60","2017-06-08 16:06:00"
"1011","红西柚","72","7","ASN170607012","400","2017-06-08 16:06:00"
"966","佳沛金果","314","10","ASN170607012","1080","2017-06-08 16:06:00"
"1043","玫瑰苹果","170","10","ASN170607012","1600","2017-06-08 16:06:00"
"874","威尔斯黄花鱼","1690","300","ASN170608009","1000","2017-06-08 15:50:00"
"777","有好东西和田玉枣","875","365","ASN170606011","600","2017-06-08 15:36:00"
"965","重庆小面240g","3352","90","ASN170606010","3600","2017-06-08 13:18:00"
"605","有好东西火龙果5斤装","225","10","ASN170604009","300","2017-06-07 20:16:00"
"604","有好东西火龙果8斤装","132","10","ASN170604009","91","2017-06-07 20:16:00"
"1023","新疆切糕","260","90","ASN170605002","506","2017-06-07 17:32:00"
"729","有好东西枣夹核桃","324","120","ASN170605002","450","2017-06-07 17:32:00"
"977","都乐超甜蕉","4","2","ASN170607007","90","2017-06-07 17:24:00"
"1039","法国ParaKito驱蚊手环婴儿童防蚊手环—北极熊","241","1000","ASN170603016","72","2017-06-07 17:14:00"
"670","五彩野鸡蛋","4125","60","ASN170607004","1200","2017-06-07 17:12:00"
"1035","法国ParaKito驱蚊手环婴儿童防蚊手环—创意玩具","210","1000","ASN170603012","72","2017-06-07 16:54:00"
"1036","法国ParaKito驱蚊手环婴儿童防蚊手环—可口冰激淋","246","1000","ASN170603013","72","2017-06-07 16:48:00"
"1011","红西柚","72","7","ASN170607001","800","2017-06-07 16:34:00"
"1043","玫瑰苹果","170","10","ASN170607001","1600","2017-06-07 16:34:00"
"843","蜜舐椴树蜂蜜","551","365","ASN170605004","225","2017-06-07 14:28:00"
"866","泰国椰青","6474","15","ASN170607005","8073","2017-06-07 14:24:00"
"879","新新果园山楂优块","37764","90","ASN170605003","8000","2017-06-07 01:36:00"
"977","都乐超甜蕉","4","2","ASN170605001","150","2017-06-06 18:08:00"
"1022","德国进口triangle削皮刀","285","1000","ASN170602004","300","2017-06-06 17:24:00"
"977","都乐超甜蕉","4","2","ASN170606007","90","2017-06-06 17:02:00"
"1011","红西柚","72","7","ASN170606007","400","2017-06-06 17:02:00"
"966","佳沛金果","314","10","ASN170606007","1080","2017-06-06 17:02:00"
"1043","玫瑰苹果","170","10","ASN170606009","3250","2017-06-06 16:38:00"
"670","五彩野鸡蛋","4125","60","ASN170606005","1796","2017-06-06 16:30:00"
"996","简爱原味裸酸奶1.08Kg","21","9","ASN170606003","990","2017-06-06 13:54:00"
"997","简爱益生菌裸酸奶120g*4","5","9","ASN170606003","1952","2017-06-06 13:54:00"
"987","满天星中果","5","5","ASN170605008","165","2017-06-05 18:22:00"
"1011","红西柚","72","7","ASN170604010","1200","2017-06-05 18:06:00"
"966","佳沛金果","314","10","ASN170604010","2160","2017-06-05 18:06:00"
"670","五彩野鸡蛋","4125","60","ASN170605006","2370","2017-06-05 17:54:00"
"1037","法国ParaKito驱蚊手环婴儿童防蚊手环—巨嘴鸟","301","1000","ASN170603014","72","2017-06-05 15:58:00"
"1038","法国ParaKito驱蚊手环婴儿童防蚊手环--顽皮鳄鱼","242","1000","ASN170603015","72","2017-06-05 15:12:00"
"1034","法国ParaKito驱蚊手环婴儿童防蚊手环—百变公主","263","1000","ASN170603011","72","2017-06-05 15:06:00"
"966","佳沛金果","314","10","ASN170604001","2160","2017-06-04 15:12:00"
"866","泰国椰青","6474","15","ASN170604002","8082","2017-06-04 13:26:00"
"616","有好东西巢蜜（2盒）","1010","720","ASN170531002","600","2017-06-04 13:10:00"
"987","满天星中果","5","5","ASN170603006","100","2017-06-03 21:30:00"
"970","海阳蜜瓜大果","1","10","ASN170603007","466","2017-06-03 17:22:00"
"977","都乐超甜蕉","4","2","ASN170603002","90","2017-06-03 16:10:00"
"1015","卖栗迁西甘栗仁","7109","365","ASN170601006","9660","2017-06-03 16:08:00"
"875","澳洲安格斯牛腩切条","720","300","ASN170603003","400","2017-06-03 15:04:00"
"866","泰国椰青","6474","15","ASN170602005","800","2017-06-02 17:24:00"
"866","泰国椰青","6474","15","ASN170531007","1000","2017-06-02 17:18:00"
"977","都乐超甜蕉","4","2","ASN170602003","90","2017-06-02 17:14:00"
"677","福建肉燕","3220","270","ASN170601001","2080","2017-06-02 14:58:00"
"670","五彩野鸡蛋","4125","60","ASN170601005","1200","2017-06-01 19:24:00"
"605","有好东西火龙果5斤装","225","10","ASN170529004","300","2017-05-31 19:20:00"
"1033","达沃滋盐焗口味开心果200g","1016","90","ASN170531005","600","2017-05-31 18:12:00"
"977","都乐超甜蕉","4","2","ASN170531003","105","2017-05-31 18:08:02"
"891","有好东西芝麻夹心海苔52g","1730","300","ASN170531004","6000","2017-05-31 16:48:00"
"1015","卖栗迁西甘栗仁","7109","365","ASN170527013","9660","2017-05-31 16:36:00"
"665","六鳌蜜薯","354","25","ASN170528001","179","2017-05-30 20:52:00"
"804","有好东西千禧圣女果","8","7","ASN170530002","48","2017-05-30 18:32:00"
"670","五彩野鸡蛋","4125","60","ASN170530001","3600","2017-05-30 17:04:00"
"977","都乐超甜蕉","4","2","ASN170529005","105","2017-05-30 16:54:00"
"887","法国猪肋排","7658","300","ASN170530004","1695","2017-05-30 14:42:00"
"996","简爱原味裸酸奶1.08Kg","21","9","ASN170529001","1350","2017-05-30 14:20:00"
"997","简爱益生菌裸酸奶120g*4","5","9","ASN170529001","1950","2017-05-30 14:20:00"
"1014","刘老汉小吊瓜中果","1","5","ASN170529003","658","2017-05-29 18:38:00"
"887","法国猪肋排","7658","300","ASN170528006","811","2017-05-28 21:24:00"
"691","有好东西猫山王速冻榴莲","843","300","ASN170528005","2000","2017-05-28 19:26:00"
"796","有好东西三文鱼","206","540","ASN170526015","600","2017-05-28 19:22:00"
"879","新新果园山楂优块","37764","90","ASN170525012","15998","2017-05-28 19:20:00"
"887","法国猪肋排","7658","300","ASN170526013","953","2017-05-28 19:16:00"
"670","五彩野鸡蛋","4125","60","ASN170528004","3000","2017-05-28 17:58:00"
"1014","刘老汉小吊瓜中果","1","5","ASN170528003","404","2017-05-28 17:56:00"
"960","摩飞电器便携式果汁机迷你型","727","300","ASN170525008","700","2017-05-28 17:28:00"
"1021","蕉下小黑伞系列三折伞(蓝槿)","336","1000","ASN170526003","700","2017-05-28 15:46:00"
"816","有好东西手工面","1312","90","ASN170524006","1750","2017-05-28 14:16:00"
"1014","刘老汉小吊瓜中果","1","5","ASN170527011","300","2017-05-27 20:36:00"
"977","都乐超甜蕉","4","2","ASN170527001","420","2017-05-27 20:34:00"
"663","玫瑰红糖","34","365","ASN170527008","60","2017-05-27 16:34:00"
"663","玫瑰红糖","34","365","ASN170527007","420","2017-05-27 16:18:00"
"1014","刘老汉小吊瓜中果","1","5","ASN170527006","524","2017-05-27 15:32:00"
"1023","新疆切糕","260","90","ASN170526009","506","2017-05-27 15:08:00"
"805","有好东西广式香肠","163","100","ASN170524007","1200","2017-05-27 14:56:00"
"758","有好东西藜麦","9430","365","ASN170524007","1600","2017-05-27 14:56:00"
"965","重庆小面240g","3352","90","ASN170523022","3595","2017-05-27 14:40:00"
"960","摩飞电器便携式果汁机迷你型","727","300","ASN170523009","799","2017-05-27 14:34:00"
"849","乐纯芒果菠萝三三三倍酸奶","263","3","ASN170526026","1000","2017-05-27 13:00:00"
"851","乐纯榛子香草三三三倍酸奶","263","3","ASN170526026","1000","2017-05-27 13:00:00"
"852","乐纯椰子玫瑰三三三倍酸奶","263","3","ASN170526026","1000","2017-05-27 13:00:00"
"948","厄瓜多尔白虾","2245","365","ASN170526007","600","2017-05-26 21:30:00"
"1014","刘老汉小吊瓜中果","1","5","ASN170526023","200","2017-05-26 20:52:00"
"952","蒙粮风干牛肉","503","300","ASN170526021","1000","2017-05-26 19:30:00"
"1011","红西柚","72","7","ASN170526001","2000","2017-05-26 18:28:00"
"977","都乐超甜蕉","4","2","ASN170526001","90","2017-05-26 18:28:00"
"779","有好东西山核桃仁","742","240","ASN170523021","592","2017-05-26 17:14:00"
"966","佳沛金果","314","10","ASN170526016","110","2017-05-26 17:08:00"
"618","有好东西每日坚果","594","300","ASN170526010","800","2017-05-26 16:44:00"
"1022","德国进口triangle削皮刀","285","1000","ASN170523020","200","2017-05-26 16:10:00"
"605","有好东西火龙果5斤装","225","10","ASN170524008","500","2017-05-26 15:52:00"
"604","有好东西火龙果8斤装","132","10","ASN170524008","200","2017-05-26 15:52:00"
"1000","BRITA碧然德MAXTRA型滤芯3只装","892","10000","ASN170525010","1200","2017-05-26 15:46:00"
"764","有好东西银鳕鱼","5","300","ASN170525005","941","2017-05-26 15:24:00"
"1020","蕉下小黑伞系列三折伞（浅妃）","12","1000","ASN170524011","120","2017-05-26 13:28:00"
"670","五彩野鸡蛋","4125","60","ASN170525009","12000","2017-05-25 23:24:00"
"983","Bio-mex德国原装进口万用去污膏300g","1399","1000","ASN170523019","2000","2017-05-25 20:50:00"
"703","有好东西阿根廷红虾","149","540","ASN170525004","330","2017-05-25 19:26:00"
"1009","磁力结构积木（侏罗纪高级套装68片）","75","1000","ASN170525015","100","2017-05-25 18:46:00"
"1008","磁力结构积木（摩天轮套装46片）","33","1000","ASN170525014","100","2017-05-25 18:42:00"
"1011","红西柚","72","7","ASN170524020","800","2017-05-25 17:34:00"
"1021","蕉下小黑伞系列三折伞(蓝槿)","336","1000","ASN170523004","300","2017-05-25 17:26:00"
"1020","蕉下小黑伞系列三折伞（浅妃）","12","1000","ASN170524001","267","2017-05-25 17:26:00"
"887","法国猪肋排","7658","300","ASN170524017","1500","2017-05-25 16:44:00"
"945","霸蛮黄牛肉米粉","2973","180","ASN170524010","1512","2017-05-25 16:34:00"
"950","霸蛮小菜四合一70g","1444","180","ASN170524010","756","2017-05-25 16:34:00"
"849","乐纯芒果菠萝三三三倍酸奶","263","3","ASN170525003","990","2017-05-25 15:56:00"
"851","乐纯榛子香草三三三倍酸奶","263","3","ASN170525003","990","2017-05-25 15:56:00"
"852","乐纯椰子玫瑰三三三倍酸奶","263","3","ASN170525003","990","2017-05-25 15:56:00"
"1020","蕉下小黑伞系列三折伞（浅妃）","12","1000","ASN170523018","113","2017-05-25 14:48:00"
"1013","中号瑶鸡","41","90","ASN170524005","225","2017-05-24 21:32:00"
"1004","柴猪五花肉500g","147","180","ASN170519016","500","2017-05-24 20:14:00"
"1015","卖栗迁西甘栗仁","7109","365","ASN170522008","5980","2017-05-24 19:18:00"
"1011","红西柚","72","7","ASN170523026","400","2017-05-24 19:02:00"
"966","佳沛金果","314","10","ASN170523026","2160","2017-05-24 19:02:00"
"670","五彩野鸡蛋","4125","60","ASN170524012","1800","2017-05-24 18:48:00"
"977","都乐超甜蕉","4","2","ASN170524015","255","2017-05-24 18:46:00"
"605","有好东西火龙果5斤装","225","10","ASN170523011","699","2017-05-24 17:58:00"
"604","有好东西火龙果8斤装","132","10","ASN170523011","130","2017-05-24 17:58:00"
"618","有好东西每日坚果","594","300","ASN170524003","1200","2017-05-24 16:50:00"
"998","BRITA碧然德滤水壶即热净水吧","35","1000","ASN170523005","49","2017-05-24 14:34:00"
"999","BRITA碧然德Marella XL 3.5L滤水壶","204","1000","ASN170523006","150","2017-05-24 14:32:00"
"1000","BRITA碧然德MAXTRA型滤芯3只装","892","10000","ASN170523007","300","2017-05-24 14:30:00"
"1001","BRITA碧然德MAXTRA型滤芯6支装","84","1000","ASN170523008","980","2017-05-24 14:30:00"
"662","姜母红糖","94","365","ASN170517012","480","2017-05-24 13:30:00"
"691","有好东西猫山王速冻榴莲","843","300","ASN170523024","226","2017-05-23 20:48:00"
"691","有好东西猫山王速冻榴莲","843","300","ASN170523010","210","2017-05-23 19:14:00"
"1014","刘老汉小吊瓜中果","1","5","ASN170523025","692","2017-05-23 19:14:00"
"960","摩飞电器便携式果汁机迷你型","727","300","ASN170522003","3","2017-05-23 16:36:00"
"977","都乐超甜蕉","4","2","ASN170523002","225","2017-05-23 16:34:00"
"987","满天星中果","5","5","ASN170523015","30","2017-05-23 13:22:00"
"970","海阳蜜瓜大果","1","10","ASN170523014","318","2017-05-23 12:58:00"
"997","简爱益生菌裸酸奶120g*4","5","9","ASN170522016","1200","2017-05-23 10:40:00"
"996","简爱原味裸酸奶1.08Kg","21","9","ASN170522016","807","2017-05-23 10:38:00"
"1013","中号瑶鸡","41","90","ASN170521006","405","2017-05-22 23:30:00"
"978","郭万和果蔬珍珠小笼包450g","2395","180","ASN170517008","2832","2017-05-22 18:22:00"
"670","五彩野鸡蛋","4125","60","ASN170522011","1198","2017-05-22 17:48:00"
"977","都乐超甜蕉","4","2","ASN170522005","30","2017-05-22 17:42:00"
"977","都乐超甜蕉","4","2","ASN170522001","90","2017-05-22 17:40:00"
"1011","红西柚","72","7","ASN170522001","1200","2017-05-22 17:08:00"
"966","佳沛金果","314","10","ASN170522001","3240","2017-05-22 17:08:00"
"1014","刘老汉小吊瓜中果","1","5","ASN170522012","700","2017-05-22 16:52:00"
"616","有好东西巢蜜（2盒）","1010","720","ASN170517013","300","2017-05-22 14:56:00"
"605","有好东西火龙果5斤装","225","10","ASN170520002","400","2017-05-22 14:40:00"
"604","有好东西火龙果8斤装","132","10","ASN170520002","100","2017-05-22 14:40:00"
"891","有好东西芝麻夹心海苔52g","1730","300","ASN170522004","6000","2017-05-22 13:56:00"
"965","重庆小面240g","3352","90","ASN170521001","70","2017-05-22 00:12:00"
"1014","刘老汉小吊瓜中果","1","5","ASN170521005","104","2017-05-21 20:22:00"
"960","摩飞电器便携式果汁机迷你型","727","300","ASN170520013","95","2017-05-21 16:20:00"
"879","新新果园山楂优块","37764","90","ASN170520015","14400","2017-05-21 16:16:00"
"1011","红西柚","72","7","ASN170520014","1200","2017-05-21 15:38:00"
"1005","柴猪后腿肉500g","147","180","ASN170519016","500","2017-05-21 15:34:00"
"1006","柴猪肥瘦肉馅500g","146","180","ASN170519016","500","2017-05-21 15:34:00"
"1012","柴猪肉猪蹄","140","180","ASN170520006","298","2017-05-21 14:34:00"
"879","新新果园山楂优块","37764","90","ASN170515011","800","2017-05-21 14:10:00"
"866","泰国椰青","6474","15","ASN170520012","18396","2017-05-21 12:06:00"
"670","五彩野鸡蛋","4125","60","ASN170520005","1200","2017-05-20 17:40:03"
"965","重庆小面240g","3352","90","ASN170517015","3040","2017-05-20 17:34:00"
"966","佳沛金果","314","10","ASN170519015","2160","2017-05-20 17:30:00"
"977","都乐超甜蕉","4","2","ASN170519015","120","2017-05-20 17:28:00"
"1011","红西柚","72","7","ASN170520001","1200","2017-05-20 17:26:00"
"960","摩飞电器便携式果汁机迷你型","727","300","ASN170518008","200","2017-05-20 16:18:00"
"874","威尔斯黄花鱼","1690","300","ASN170520008","1008","2017-05-20 16:16:00"
"989","ONTRUE盐焗腰果250g","1150","300","ASN170520010","800","2017-05-20 16:00:00"
"988","ONTRUE原味腰果250g","1066","300","ASN170520011","100","2017-05-20 15:58:01"
"988","ONTRUE原味腰果250g","1066","300","ASN170520009","800","2017-05-20 15:58:00"
"677","福建肉燕","3220","270","ASN170517007","1820","2017-05-20 14:56:00"
"849","乐纯芒果菠萝三三三倍酸奶","263","3","ASN170519017","150","2017-05-20 14:14:00"
"851","乐纯榛子香草三三三倍酸奶","263","3","ASN170519017","150","2017-05-20 14:14:00"
"852","乐纯椰子玫瑰三三三倍酸奶","263","3","ASN170519017","150","2017-05-20 14:14:00"
"983","Bio-mex德国原装进口万用去污膏300g","1399","1000","ASN170517001","1015","2017-05-20 14:06:00"
"922","开椰器","8022","300","ASN170404007","3200","2017-05-20 12:20:00"
"739","有好东西沁州黄小米","1210","270","ASN170516006","2240","2017-05-20 10:52:00"
"987","满天星中果","5","5","ASN170519014","20","2017-05-20 09:28:00"
"987","满天星中果","5","5","ASN170519018","400","2017-05-20 09:26:00"
"977","都乐超甜蕉","4","2","ASN170519002","75","2017-05-19 17:48:00"
"849","乐纯芒果菠萝三三三倍酸奶","263","3","ASN170519004","250","2017-05-19 17:12:00"
"851","乐纯榛子香草三三三倍酸奶","263","3","ASN170519004","250","2017-05-19 17:12:00"
"852","乐纯椰子玫瑰三三三倍酸奶","263","3","ASN170519004","250","2017-05-19 17:12:00"
"966","佳沛金果","314","10","ASN170519002","1080","2017-05-19 16:54:00"
"670","五彩野鸡蛋","4125","60","ASN170518012","1200","2017-05-19 15:32:06"
"966","佳沛金果","314","10","ASN170518002","1080","2017-05-18 19:14:00"
"977","都乐超甜蕉","4","2","ASN170518002","75","2017-05-18 19:12:00"
"670","五彩野鸡蛋","4125","60","ASN170518003","1800","2017-05-18 19:10:00"
"998","BRITA碧然德滤水壶即热净水吧","35","1000","ASN170517003","100","2017-05-18 19:08:00"
"1001","BRITA碧然德MAXTRA型滤芯6支装","84","1000","ASN170517006","300","2017-05-18 19:08:00"
"1000","BRITA碧然德MAXTRA型滤芯3只装","892","10000","ASN170517005","500","2017-05-18 19:02:00"
"999","BRITA碧然德Marella XL 3.5L滤水壶","204","1000","ASN170517004","300","2017-05-18 19:00:00"
"820","有好东西瑶鸡","213","90","ASN170517016","156","2017-05-18 17:20:00"
"729","有好东西枣夹核桃","324","120","ASN170517011","600","2017-05-18 15:02:00"
"996","简爱原味裸酸奶1.08Kg","21","9","ASN170517010","270","2017-05-18 14:42:00"
"997","简爱益生菌裸酸奶120g*4","5","9","ASN170517010","216","2017-05-18 14:42:00"
"777","有好东西和田玉枣","875","365","ASN170517014","600","2017-05-18 13:42:00"
"960","摩飞电器便携式果汁机迷你型","727","300","ASN170518006","200","2017-05-18 12:52:00"
"987","满天星中果","5","5","ASN170518005","330","2017-05-18 11:54:00"
"605","有好东西火龙果5斤装","225","10","ASN170516009","400","2017-05-18 10:40:00"
"966","佳沛金果","314","10","ASN170516011","2160","2017-05-17 18:42:00"
"977","都乐超甜蕉","4","2","ASN170516011","75","2017-05-17 18:36:00"
"990","海大大麻辣鱿鱼头250g","242","300","ASN170514007","500","2017-05-17 15:24:00"
"991","海大大麻辣鱿鱼嘴250g","1","300","ASN170514007","500","2017-05-17 15:24:00"
"992","海大大麻辣鱼豆腐300g","297","300","ASN170514007","500","2017-05-17 15:24:00"
"993","海大大麻辣海鳌虾300g","70","300","ASN170514007","500","2017-05-17 15:24:00"
"875","澳洲安格斯牛腩切条","720","300","ASN170517002","500","2017-05-17 14:22:00"
"849","乐纯芒果菠萝三三三倍酸奶","263","3","ASN170516010","250","2017-05-17 10:32:00"
"851","乐纯榛子香草三三三倍酸奶","263","3","ASN170516010","250","2017-05-17 10:32:00"
"852","乐纯椰子玫瑰三三三倍酸奶","263","3","ASN170516010","250","2017-05-17 10:32:00"
"970","海阳蜜瓜大果","1","10","ASN170516013","1082","2017-05-16 23:02:00"
"987","满天星中果","5","5","ASN170516008","331","2017-05-16 18:32:00"
"670","五彩野鸡蛋","4125","60","ASN170516002","1800","2017-05-16 16:56:00"
"977","都乐超甜蕉","4","2","ASN170515018","150","2017-05-16 16:38:00"
"966","佳沛金果","314","10","ASN170515018","1080","2017-05-16 16:28:00"
"952","蒙粮风干牛肉","503","300","ASN170516004","500","2017-05-16 15:34:00"
"965","重庆小面240g","3352","90","ASN170515004","1360","2017-05-16 15:06:00"
"994","霸蛮私房凉拌米粉","3502","270","ASN170515017","3096","2017-05-16 15:02:00"
"977","都乐超甜蕉","4","2","ASN170515002","120","2017-05-16 12:58:00"
"987","满天星中果","5","5","ASN170515015","192","2017-05-15 20:08:00"
"758","有好东西藜麦","9430","365","ASN170505006","1600","2017-05-15 18:02:00"
"987","满天星中果","5","5","ASN170515013","672","2017-05-15 17:36:00"
"804","有好东西千禧圣女果","8","7","ASN170512006","40","2017-05-15 17:04:00"
"971","水果鲜玉米","398","3","ASN170513015","19","2017-05-15 16:24:00"
"983","Bio-mex德国原装进口万用去污膏300g","1399","1000","ASN170514008","525","2017-05-15 15:38:00"
"965","重庆小面240g","3352","90","ASN170514006","4000","2017-05-14 17:58:00"
"670","五彩野鸡蛋","4125","60","ASN170514003","4800","2017-05-14 17:50:00"
"987","满天星中果","5","5","ASN170512021","315","2017-05-14 17:10:00"
"966","佳沛金果","314","10","ASN170514002","2160","2017-05-14 14:50:00"
"966","佳沛金果","314","10","ASN170513018","1080","2017-05-14 14:46:00"
"887","法国猪肋排","7658","300","ASN170514005","1539","2017-05-14 14:38:00"
"970","海阳蜜瓜大果","1","10","ASN170511015","444","2017-05-13 23:50:00"
"670","五彩野鸡蛋","4125","60","ASN170512013","12000","2017-05-13 19:16:00"
"977","都乐超甜蕉","4","2","ASN170513006","240","2017-05-13 19:14:00"
"977","都乐超甜蕉","4","2","ASN170512023","150","2017-05-13 19:12:00"
"950","霸蛮小菜四合一70g","1444","180","ASN170513007","630","2017-05-13 17:28:00"
"950","霸蛮小菜四合一70g","1444","180","ASN170513008","20","2017-05-13 17:28:00"
"945","霸蛮黄牛肉米粉","2973","180","ASN170510008","1260","2017-05-13 16:18:00"
"960","摩飞电器便携式果汁机迷你型","727","300","ASN170511002","100","2017-05-13 15:04:00"
"966","佳沛金果","314","10","ASN170512023","4320","2017-05-13 14:44:00"
"849","乐纯芒果菠萝三三三倍酸奶","263","3","ASN170513001","600","2017-05-13 10:42:00"
"851","乐纯榛子香草三三三倍酸奶","263","3","ASN170513001","600","2017-05-13 10:42:00"
"852","乐纯椰子玫瑰三三三倍酸奶","263","3","ASN170513001","600","2017-05-13 10:42:00"
"618","有好东西每日坚果","594","300","ASN170512011","1640","2017-05-12 21:24:00"
"796","有好东西三文鱼","206","540","ASN170511009","400","2017-05-12 20:26:00"
"779","有好东西山核桃仁","742","240","ASN170512009","600","2017-05-12 20:26:00"
"966","佳沛金果","314","10","ASN170511017","2160","2017-05-12 15:54:00"
"977","都乐超甜蕉","4","2","ASN170511017","210","2017-05-12 15:52:00"
"605","有好东西火龙果5斤装","225","10","ASN170510002","610","2017-05-12 14:26:00"
"966","佳沛金果","314","10","ASN170510012","2160","2017-05-11 19:22:00"
"977","都乐超甜蕉","4","2","ASN170510012","150","2017-05-11 19:14:00"
"670","五彩野鸡蛋","4125","60","ASN170511004","1180","2017-05-11 19:12:00"
"941","犁响生态鲜腐竹160g","11154","120","ASN170506013","14400","2017-05-11 19:00:00"
"866","泰国椰青","6474","15","ASN170511001","18450","2017-05-11 18:02:00"
"989","ONTRUE盐焗腰果250g","1150","300","ASN170511007","300","2017-05-11 18:00:00"
"988","ONTRUE原味腰果250g","1066","300","ASN170511006","300","2017-05-11 17:58:00"
"849","乐纯芒果菠萝三三三倍酸奶","263","3","ASN170511003","600","2017-05-11 17:16:00"
"851","乐纯榛子香草三三三倍酸奶","263","3","ASN170511003","600","2017-05-11 17:16:00"
"852","乐纯椰子玫瑰三三三倍酸奶","263","3","ASN170511003","600","2017-05-11 17:16:00"
"965","重庆小面240g","3352","90","ASN170511005","1428","2017-05-11 16:12:00"
"965","重庆小面240g","3352","90","ASN170508003","15","2017-05-11 15:48:00"
"987","满天星中果","5","5","ASN170510011","144","2017-05-11 14:54:00"
"960","摩飞电器便携式果汁机迷你型","727","300","ASN170510004","200","2017-05-11 13:56:00"
"987","满天星中果","5","5","ASN170509006","471","2017-05-10 16:52:00"
"616","有好东西巢蜜（2盒）","1010","720","ASN170508008","510","2017-05-10 16:48:00"
"677","福建肉燕","3220","270","ASN170509009","2795","2017-05-10 16:44:00"
"670","五彩野鸡蛋","4125","60","ASN170510003","1200","2017-05-10 16:44:00"
"952","蒙粮风干牛肉","503","300","ASN170505010","1500","2017-05-10 13:28:00"
"952","蒙粮风干牛肉","503","300","ASN170505011","50","2017-05-10 13:22:00"
"983","Bio-mex德国原装进口万用去污膏300g","1399","1000","ASN170503007","350","2017-05-10 13:16:00"
"966","佳沛金果","314","10","ASN170509001","3240","2017-05-09 19:36:00"
"977","都乐超甜蕉","4","2","ASN170509001","225","2017-05-09 18:30:00"
"670","五彩野鸡蛋","4125","60","ASN170509002","1200","2017-05-09 18:24:00"
"618","有好东西每日坚果","594","300","ASN170509004","360","2017-05-09 18:22:00"
"891","有好东西芝麻夹心海苔52g","1730","300","ASN170508004","5995","2017-05-09 18:02:00"
"892","有好东西香蕉夹心海苔","3590","300","ASN170508005","600","2017-05-09 17:42:00"
"945","霸蛮黄牛肉米粉","2973","180","ASN170509003","4","2017-05-09 14:48:00"
"942","农良造牛肝菌380g","283","300","ASN170505005","600","2017-05-09 14:34:00"
"604","有好东西火龙果8斤装","132","10","ASN170506011","150","2017-05-09 14:32:00"
"977","都乐超甜蕉","4","2","ASN170507009","150","2017-05-08 18:56:00"
"966","佳沛金果","314","10","ASN170507009","2160","2017-05-08 18:56:00"
"987","满天星中果","5","5","ASN170507008","385","2017-05-08 16:12:00"
"849","乐纯芒果菠萝三三三倍酸奶","263","3","ASN170508001","600","2017-05-08 16:00:00"
"851","乐纯榛子香草三三三倍酸奶","263","3","ASN170508001","600","2017-05-08 16:00:00"
"852","乐纯椰子玫瑰三三三倍酸奶","263","3","ASN170508001","600","2017-05-08 16:00:00"
"605","有好东西火龙果5斤装","225","10","ASN170506011","350","2017-05-08 15:50:00"
"729","有好东西枣夹核桃","324","120","ASN170423009","330","2017-05-08 15:40:00"
"965","重庆小面240g","3352","90","ASN170505003","1800","2017-05-08 13:54:00"
"966","佳沛金果","314","10","ASN170506014","1080","2017-05-07 17:26:00"
"670","五彩野鸡蛋","4125","60","ASN170507002","1200","2017-05-07 17:16:00"
"820","有好东西瑶鸡","213","90","ASN170505007","108","2017-05-07 16:44:00"
"958","有好东西落花生","1967","100","ASN170430006","12000","2017-05-07 16:40:00"
"729","有好东西枣夹核桃","324","120","ASN170405010","150","2017-05-06 18:22:00"
"670","五彩野鸡蛋","4125","60","ASN170505013","1200","2017-05-06 17:40:00"
"977","都乐超甜蕉","4","2","ASN170506003","450","2017-05-06 17:38:00"
"966","佳沛金果","314","10","ASN170506003","1080","2017-05-06 17:38:00"
"965","重庆小面240g","3352","90","ASN170503006","2070","2017-05-06 15:22:00"
"849","乐纯芒果菠萝三三三倍酸奶","263","3","ASN170506007","100","2017-05-06 13:32:00"
"851","乐纯榛子香草三三三倍酸奶","263","3","ASN170506007","100","2017-05-06 13:32:00"
"852","乐纯椰子玫瑰三三三倍酸奶","263","3","ASN170506007","100","2017-05-06 13:32:00"
"777","有好东西和田玉枣","875","365","ASN170505004","600","2017-05-05 23:44:00"
"866","泰国椰青","6474","15","ASN170505009","18414","2017-05-05 18:30:00"
"670","五彩野鸡蛋","4125","60","ASN170505001","600","2017-05-05 17:22:00"
"977","都乐超甜蕉","4","2","ASN170504016","230","2017-05-05 17:20:00"
"966","佳沛金果","314","10","ASN170504016","2200","2017-05-05 17:20:00"
"849","乐纯芒果菠萝三三三倍酸奶","263","3","ASN170504002","800","2017-05-04 19:04:00"
"851","乐纯榛子香草三三三倍酸奶","263","3","ASN170504002","800","2017-05-04 19:04:00"
"852","乐纯椰子玫瑰三三三倍酸奶","263","3","ASN170504002","800","2017-05-04 19:04:00"
"854","大船渔家黄蚬","13761","300","ASN170504006","2000","2017-05-04 17:58:00"
"854","大船渔家黄蚬","13761","300","ASN170503004","40000","2017-05-04 17:56:00"
"970","海阳蜜瓜大果","1","10","ASN170504004","433","2017-05-04 17:02:00"
"970","海阳蜜瓜大果","1","10","ASN170504012","433","2017-05-04 17:00:02"
"670","五彩野鸡蛋","4125","60","ASN170504009","1196","2017-05-04 16:28:00"
"977","都乐超甜蕉","4","2","ASN170503010","230","2017-05-04 16:24:00"
"876","澳洲安格斯牛腱子","355","300","ASN170504008","400","2017-05-04 15:42:00"
"605","有好东西火龙果5斤装","225","10","ASN170501005","300","2017-05-03 21:56:00"
"977","都乐超甜蕉","4","2","ASN170502011","230","2017-05-03 21:56:00"
"966","佳沛金果","314","10","ASN170502011","2200","2017-05-03 21:56:00"
"977","都乐超甜蕉","4","2","ASN170502010","230","2017-05-02 23:16:00"
"966","佳沛金果","314","10","ASN170501007","1100","2017-05-02 18:30:00"
"670","五彩野鸡蛋","4125","60","ASN170502006","1800","2017-05-02 17:52:00"
"742","有好东西螺蛳粉","921","50","ASN170501002","1498","2017-05-02 15:42:00"
"849","乐纯芒果菠萝三三三倍酸奶","263","3","ASN170502004","800","2017-05-02 14:44:00"
"851","乐纯榛子香草三三三倍酸奶","263","3","ASN170502004","800","2017-05-02 14:44:00"
"852","乐纯椰子玫瑰三三三倍酸奶","263","3","ASN170502004","800","2017-05-02 14:44:00"
"965","重庆小面240g","3352","90","ASN170428013","1260","2017-05-01 17:30:00"
"966","佳沛金果","314","10","ASN170501001","1100","2017-05-01 16:08:00"
"978","郭万和果蔬珍珠小笼包450g","2395","180","ASN170430005","2847","2017-05-01 14:56:00"
"948","厄瓜多尔白虾","2245","365","ASN170426003","600","2017-04-30 22:24:00"
"805","有好东西广式香肠","163","100","ASN170425009","540","2017-04-30 19:40:00"
"805","有好东西广式香肠","163","100","ASN170428005","358","2017-04-30 19:40:00"
"843","蜜舐椴树蜂蜜","551","365","ASN170425008","225","2017-04-30 16:48:00"
"662","姜母红糖","94","365","ASN170425007","576","2017-04-30 15:50:00"
"663","玫瑰红糖","34","365","ASN170425007","456","2017-04-30 15:50:00"
"664","原味红糖","143","365","ASN170425007","280","2017-04-30 15:50:00"
"796","有好东西三文鱼","206","540","ASN170429009","500","2017-04-30 15:18:00"
"966","佳沛金果","314","10","ASN170428016","2200","2017-04-29 21:06:00"
"879","新新果园山楂优块","37764","90","ASN170418018","11200","2017-04-29 19:04:00"
"849","乐纯芒果菠萝三三三倍酸奶","263","3","ASN170429003","597","2017-04-29 19:00:00"
"851","乐纯榛子香草三三三倍酸奶","263","3","ASN170429003","597","2017-04-29 19:00:00"
"852","乐纯椰子玫瑰三三三倍酸奶","263","3","ASN170429003","597","2017-04-29 19:00:00"
"874","威尔斯黄花鱼","1690","300","ASN170429007","562","2017-04-29 17:10:00"
"708","有好东西手工清真牛肉酱","1033","365","ASN170428009","48","2017-04-29 17:08:00"
"941","犁响生态鲜腐竹160g","11154","120","ASN170429005","7500","2017-04-29 17:08:00"
"977","都乐超甜蕉","4","2","ASN170429006","256","2017-04-29 17:06:00"
"708","有好东西手工清真牛肉酱","1033","365","ASN170428010","1752","2017-04-28 19:06:00"
"618","有好东西每日坚果","594","300","ASN170418017","1500","2017-04-28 17:00:00"
"977","都乐超甜蕉","4","2","ASN170428001","160","2017-04-28 15:24:00"
"887","法国猪肋排","7658","300","ASN170428004","2095","2017-04-28 15:08:00"
"922","开椰器","8022","300","ASN170426010","3800","2017-04-27 19:06:00"
"977","都乐超甜蕉","4","2","ASN170426012","480","2017-04-27 18:36:00"
"875","澳洲安格斯牛腩切条","720","300","ASN170427001","250","2017-04-27 17:22:00"
"876","澳洲安格斯牛腱子","355","300","ASN170427001","150","2017-04-27 17:22:00"
"670","五彩野鸡蛋","4125","60","ASN170426011","1200","2017-04-27 17:18:00"
"952","蒙粮风干牛肉","503","300","ASN170424002","300","2017-04-27 17:06:00"
"941","犁响生态鲜腐竹160g","11154","120","ASN170425010","7500","2017-04-27 13:42:00"
"849","乐纯芒果菠萝三三三倍酸奶","263","3","ASN170426004","600","2017-04-27 12:44:00"
"851","乐纯榛子香草三三三倍酸奶","263","3","ASN170426004","600","2017-04-27 12:44:00"
"852","乐纯椰子玫瑰三三三倍酸奶","263","3","ASN170426004","600","2017-04-27 12:44:00"
"820","有好东西瑶鸡","213","90","ASN170425011","380","2017-04-26 18:48:00"
"960","摩飞电器便携式果汁机迷你型","727","300","ASN170425005","100","2017-04-26 18:32:00"
"960","摩飞电器便携式果汁机迷你型","727","300","ASN170426006","100","2017-04-26 18:32:00"
"966","佳沛金果","314","10","ASN170425012","3300","2017-04-26 18:28:00"
"977","都乐超甜蕉","4","2","ASN170425013","640","2017-04-26 18:18:00"
"922","开椰器","8022","300","ASN170426001","400","2017-04-26 17:50:00"
"959","即食香螺200g","1784","300","ASN170426002","2000","2017-04-26 17:38:00"
"665","六鳌蜜薯","354","25","ASN170414004","2639","2017-04-26 14:56:00"
"891","有好东西芝麻夹心海苔52g","1730","300","ASN170424001","359","2017-04-25 17:48:00"
"952","蒙粮风干牛肉","503","300","ASN170425004","200","2017-04-25 16:50:02"
"866","泰国椰青","6474","15","ASN170425001","18450","2017-04-25 16:22:00"
"849","乐纯芒果菠萝三三三倍酸奶","263","3","ASN170425003","100","2017-04-25 15:48:00"
"851","乐纯榛子香草三三三倍酸奶","263","3","ASN170425003","100","2017-04-25 15:48:00"
"852","乐纯椰子玫瑰三三三倍酸奶","263","3","ASN170425003","100","2017-04-25 15:48:00"
"922","开椰器","8022","300","ASN170424003","400","2017-04-25 14:52:00"
"965","重庆小面240g","3352","90","ASN170421006","3300","2017-04-24 19:02:00"
"948","厄瓜多尔白虾","2245","365","ASN170423006","90","2017-04-24 17:02:00"
"970","海阳蜜瓜大果","1","10","ASN170422011","570","2017-04-24 16:44:00"
"887","法国猪肋排","7658","300","ASN170423002","2394","2017-04-24 16:00:00"
"971","水果鲜玉米","398","3","ASN170424004","41","2017-04-24 15:22:00"
"892","有好东西香蕉夹心海苔","3590","300","ASN170420002","2385","2017-04-23 20:38:00"
"670","五彩野鸡蛋","4125","60","ASN170423016","1200","2017-04-23 17:48:00"
"758","有好东西藜麦","9430","365","ASN170418016","1280","2017-04-23 16:04:00"
"662","姜母红糖","94","365","ASN170413013","180","2017-04-22 23:00:00"
"663","玫瑰红糖","34","365","ASN170413013","179","2017-04-22 23:00:00"
"664","原味红糖","143","365","ASN170413013","180","2017-04-22 23:00:00"
"670","五彩野鸡蛋","4125","60","ASN170422006","4800","2017-04-22 20:00:00"
"849","乐纯芒果菠萝三三三倍酸奶","263","3","ASN170420014","1400","2017-04-22 17:38:00"
"851","乐纯榛子香草三三三倍酸奶","263","3","ASN170420014","1400","2017-04-22 17:38:00"
"852","乐纯椰子玫瑰三三三倍酸奶","263","3","ASN170420014","1400","2017-04-22 17:38:00"
"945","霸蛮黄牛肉米粉","2973","180","ASN170421001","3024","2017-04-21 21:02:00"
"950","霸蛮小菜四合一70g","1444","180","ASN170421002","1512","2017-04-21 21:02:00"
"816","有好东西手工面","1312","90","ASN170418013","1049","2017-04-21 20:26:00"
"670","五彩野鸡蛋","4125","60","ASN170420023","6600","2017-04-21 19:32:00"
"845","果果贝瑞蓝莓干","194","300","ASN170419009","900","2017-04-21 18:18:00"
"846","果果贝瑞蔓越莓干","250","300","ASN170419010","1200","2017-04-21 18:16:00"
"876","澳洲安格斯牛腱子","355","300","ASN170421010","250","2017-04-21 18:16:00"
"875","澳洲安格斯牛腩切条","720","300","ASN170421010","350","2017-04-21 18:16:00"
"891","有好东西芝麻夹心海苔52g","1730","300","ASN170420001","2600","2017-04-21 18:12:00"
"779","有好东西山核桃仁","742","240","ASN170421011","800","2017-04-21 18:06:00"
"670","五彩野鸡蛋","4125","60","ASN170419015","4800","2017-04-20 20:16:00"
"883","郭万和珍珠小笼包","796","180","ASN170416006","2031","2017-04-20 18:12:00"
"605","有好东西火龙果5斤装","225","10","ASN170417013","1000","2017-04-20 17:12:00"
"821","有好东西榴莲干","492","300","ASN170420003","400","2017-04-20 17:02:00"
"825","有好东西芒果干","682","300","ASN170420007","300","2017-04-20 17:02:00"
"822","有好东西草莓干","678","300","ASN170420005","80","2017-04-20 17:00:00"
"739","有好东西沁州黄小米","1210","270","ASN170417011","1550","2017-04-20 16:38:00"
"866","泰国椰青","6474","15","ASN170417005","18441","2017-04-20 16:36:00"
"941","犁响生态鲜腐竹160g","11154","120","ASN170418012","12000","2017-04-20 14:00:00"
"959","即食香螺200g","1784","300","ASN170419012","1995","2017-04-20 13:40:00"
"677","福建肉燕","3220","270","ASN170418015","1820","2017-04-19 20:44:00"
"670","五彩野鸡蛋","4125","60","ASN170418020","4800","2017-04-19 18:34:00"
"849","乐纯芒果菠萝三三三倍酸奶","263","3","ASN170419011","700","2017-04-19 17:56:00"
"851","乐纯榛子香草三三三倍酸奶","263","3","ASN170419011","700","2017-04-19 17:56:00"
"852","乐纯椰子玫瑰三三三倍酸奶","263","3","ASN170419011","700","2017-04-19 17:56:00"
"670","五彩野鸡蛋","4125","60","ASN170417014","1800","2017-04-18 21:32:00"
"950","霸蛮小菜四合一70g","1444","180","ASN170416007","1512","2017-04-18 21:02:00"
"708","有好东西手工清真牛肉酱","1033","365","ASN170413007","60","2017-04-18 18:38:00"
"849","乐纯芒果菠萝三三三倍酸奶","263","3","ASN170418008","300","2017-04-18 16:58:00"
"851","乐纯榛子香草三三三倍酸奶","263","3","ASN170418008","300","2017-04-18 16:58:00"
"852","乐纯椰子玫瑰三三三倍酸奶","263","3","ASN170418008","300","2017-04-18 16:58:00"
"854","大船渔家黄蚬","13761","300","ASN170415002","19136","2017-04-17 19:14:00"
"952","蒙粮风干牛肉","503","300","ASN170417004","500","2017-04-17 18:44:00"
"708","有好东西手工清真牛肉酱","1033","365","ASN170416001","1080","2017-04-17 16:48:00"
"874","威尔斯黄花鱼","1690","300","ASN170417006","553","2017-04-17 13:16:00"
"742","有好东西螺蛳粉","921","50","ASN170408006","1400","2017-04-15 19:06:00"
"670","五彩野鸡蛋","4125","60","ASN170415008","2400","2017-04-15 18:20:00"
"945","霸蛮黄牛肉米粉","2973","180","ASN170415004","3024","2017-04-15 17:50:00"
"805","有好东西广式香肠","163","100","ASN170409001","600","2017-04-15 17:44:00"
"879","新新果园山楂优块","37764","90","ASN170412010","3520","2017-04-15 15:14:00"
"849","乐纯芒果菠萝三三三倍酸奶","263","3","ASN170414006","400","2017-04-15 11:14:00"
"851","乐纯榛子香草三三三倍酸奶","263","3","ASN170414006","400","2017-04-15 11:14:00"
"852","乐纯椰子玫瑰三三三倍酸奶","263","3","ASN170414006","400","2017-04-15 11:14:00"
"618","有好东西每日坚果","594","300","ASN170413004","1000","2017-04-14 18:58:00"
"703","有好东西阿根廷红虾","149","540","ASN170414003","330","2017-04-14 16:50:00"
"948","厄瓜多尔白虾","2245","365","ASN170414003","300","2017-04-14 16:50:00"
"892","有好东西香蕉夹心海苔","3590","300","ASN170413009","2999","2017-04-14 16:14:00"
"891","有好东西芝麻夹心海苔52g","1730","300","ASN170413008","3000","2017-04-14 16:08:00"
"941","犁响生态鲜腐竹160g","11154","120","ASN170414002","7800","2017-04-14 16:04:00"
"942","农良造牛肝菌380g","283","300","ASN170412003","600","2017-04-14 15:58:00"
"945","霸蛮黄牛肉米粉","2973","180","ASN170413005","3132","2017-04-14 11:54:00"
"670","五彩野鸡蛋","4125","60","ASN170413010","1200","2017-04-13 20:44:00"
"883","郭万和珍珠小笼包","796","180","ASN170411009","2057","2017-04-13 19:52:00"
"849","乐纯芒果菠萝三三三倍酸奶","263","3","ASN170413001","300","2017-04-13 15:12:00"
"851","乐纯榛子香草三三三倍酸奶","263","3","ASN170413001","300","2017-04-13 15:12:00"
"852","乐纯椰子玫瑰三三三倍酸奶","263","3","ASN170413001","300","2017-04-13 15:12:00"
"922","开椰器","8022","300","ASN170412005","3000","2017-04-12 20:22:00"
"670","五彩野鸡蛋","4125","60","ASN170411014","1800","2017-04-12 20:14:00"
"616","有好东西巢蜜（2盒）","1010","720","ASN170409001","810","2017-04-12 17:08:00"
"887","法国猪肋排","7658","300","ASN170411003","2185","2017-04-12 14:56:00"
"843","蜜舐椴树蜂蜜","551","365","ASN170409001","225","2017-04-12 14:48:00"
"816","有好东西手工面","1312","90","ASN170409001","1050","2017-04-12 14:48:00"
"779","有好东西山核桃仁","742","240","ASN170408008","797","2017-04-11 20:24:00"
"866","泰国椰青","6474","15","ASN170410067","18423","2017-04-11 17:30:00"
"670","五彩野鸡蛋","4125","60","ASN170409009","1800","2017-04-10 19:08:00"
"665","六鳌蜜薯","354","25","ASN170405014","1974","2017-04-10 17:58:00"
"941","犁响生态鲜腐竹160g","11154","120","ASN170409011","6000","2017-04-10 17:36:00"
"777","有好东西和田玉枣","875","365","ASN170408007","600","2017-04-10 15:56:00"
"849","乐纯芒果菠萝三三三倍酸奶","263","3","ASN170410068","200","2017-04-10 15:50:00"
"851","乐纯榛子香草三三三倍酸奶","263","3","ASN170410068","200","2017-04-10 15:50:00"
"852","乐纯椰子玫瑰三三三倍酸奶","263","3","ASN170410068","200","2017-04-10 15:50:00"
"883","郭万和珍珠小笼包","796","180","ASN170409010","1223","2017-04-09 18:52:00"
"605","有好东西火龙果5斤装","225","10","ASN170407008","400","2017-04-09 15:34:00"
"670","五彩野鸡蛋","4125","60","ASN170407006","1800","2017-04-08 19:58:00"
"874","威尔斯黄花鱼","1690","300","ASN170408003","34","2017-04-08 16:22:00"
"758","有好东西藜麦","9430","365","ASN170402005","608","2017-04-08 16:00:00"
"708","有好东西手工清真牛肉酱","1033","365","ASN170408005","1524","2017-04-08 15:54:00"
"843","蜜舐椴树蜂蜜","551","365","ASN170406011","15","2017-04-08 15:34:00"
"843","蜜舐椴树蜂蜜","551","365","ASN170402004","300","2017-04-08 15:32:00"
"922","开椰器","8022","300","ASN170408004","2400","2017-04-08 15:16:00"
"879","新新果园山楂优块","37764","90","ASN170406008","21040","2017-04-08 13:32:00"
"864","山萃蜂蜜黄油扁桃仁","10","180","ASN170406009","4800","2017-04-07 19:20:00"
"866","泰国椰青","6474","15","ASN170406007","18450","2017-04-06 17:12:00"
"739","有好东西沁州黄小米","1210","270","ASN170404002","860","2017-04-06 16:50:00"
"849","乐纯芒果菠萝三三三倍酸奶","263","3","ASN170405009","200","2017-04-06 15:18:00"
"851","乐纯榛子香草三三三倍酸奶","263","3","ASN170405009","200","2017-04-06 15:18:00"
"852","乐纯椰子玫瑰三三三倍酸奶","263","3","ASN170405009","200","2017-04-06 15:18:00"
"729","有好东西枣夹核桃","324","120","ASN170405011","420","2017-04-05 20:12:00"
"618","有好东西每日坚果","594","300","ASN170402005","400","2017-04-03 18:18:00"
"742","有好东西螺蛳粉","921","50","ASN170401004","1200","2017-04-03 18:12:00"
"670","五彩野鸡蛋","4125","60","ASN170403008","1800","2017-04-03 17:58:00"
"677","福建肉燕","3220","270","ASN170402005","1818","2017-04-03 15:06:00"
"849","乐纯芒果菠萝三三三倍酸奶","263","3","ASN170403005","200","2017-04-03 14:58:00"
"851","乐纯榛子香草三三三倍酸奶","263","3","ASN170403005","200","2017-04-03 14:58:00"
"852","乐纯椰子玫瑰三三三倍酸奶","263","3","ASN170403005","200","2017-04-03 14:58:00"
"854","大船渔家黄蚬","13761","300","ASN170401014","14671","2017-04-03 11:06:00"
"665","六鳌蜜薯","354","25","1490687875","1998","2017-04-02 13:40:00"
"874","威尔斯黄花鱼","1690","300","ASN170401013","550","2017-04-01 20:16:00"
"670","五彩野鸡蛋","4125","60","ASN170401011","1800","2017-04-01 20:04:00"
"887","法国猪肋排","7658","300","ASN170401005","1400","2017-04-01 18:50:00"
"816","有好东西手工面","1312","90","ASN170401009","840","2017-04-01 18:40:00"
