"848","乐纯抹茶三三三倍酸奶","800","3","ASN170504002","800","2017-05-04 19:04:00"
"849","乐纯芒果菠萝三三三倍酸奶","800","3","ASN170504002","800","2017-05-04 19:04:00"
"850","乐纯草莓蔓越莓三三三倍酸奶","800","3","ASN170504002","800","2017-05-04 19:04:00"
"851","乐纯榛子香草三三三倍酸奶","800","3","ASN170504002","800","2017-05-04 19:04:00"
"852","乐纯椰子玫瑰三三三倍酸奶","800","3","ASN170504002","800","2017-05-04 19:04:00"
"853","乐纯柠檬三三三倍酸奶","800","3","ASN170504002","800","2017-05-04 19:04:00"
"848","乐纯抹茶三三三倍酸奶","800","3","ASN170504002","800","2017-05-04 19:04:00"
"849","乐纯芒果菠萝三三三倍酸奶","800","3","ASN170504002","800","2017-05-04 19:04:00"
"850","乐纯草莓蔓越莓三三三倍酸奶","800","3","ASN170504002","800","2017-05-04 19:04:00"
"851","乐纯榛子香草三三三倍酸奶","800","3","ASN170504002","800","2017-05-04 19:04:00"
"852","乐纯椰子玫瑰三三三倍酸奶","800","3","ASN170504002","800","2017-05-04 19:04:00"
"853","乐纯柠檬三三三倍酸奶","800","3","ASN170504002","800","2017-05-04 19:04:00"
"848","乐纯抹茶三三三倍酸奶","800","3","ASN170504002","800","2017-05-04 19:04:00"
"849","乐纯芒果菠萝三三三倍酸奶","800","3","ASN170504002","800","2017-05-04 19:04:00"
"850","乐纯草莓蔓越莓三三三倍酸奶","800","3","ASN170504002","800","2017-05-04 19:04:00"
"851","乐纯榛子香草三三三倍酸奶","800","3","ASN170504002","800","2017-05-04 19:04:00"
"852","乐纯椰子玫瑰三三三倍酸奶","800","3","ASN170504002","800","2017-05-04 19:04:00"
"853","乐纯柠檬三三三倍酸奶","800","3","ASN170504002","800","2017-05-04 19:04:00"
"848","乐纯抹茶三三三倍酸奶","800","3","ASN170504002","800","2017-05-04 19:04:00"
"849","乐纯芒果菠萝三三三倍酸奶","800","3","ASN170504002","800","2017-05-04 19:04:00"
"850","乐纯草莓蔓越莓三三三倍酸奶","800","3","ASN170504002","800","2017-05-04 19:04:00"
"851","乐纯榛子香草三三三倍酸奶","800","3","ASN170504002","800","2017-05-04 19:04:00"
"852","乐纯椰子玫瑰三三三倍酸奶","800","3","ASN170504002","800","2017-05-04 19:04:00"
"853","乐纯柠檬三三三倍酸奶","800","3","ASN170504002","800","2017-05-04 19:04:00"
"848","乐纯抹茶三三三倍酸奶","800","3","ASN170504002","800","2017-05-04 19:04:00"
"849","乐纯芒果菠萝三三三倍酸奶","800","3","ASN170504002","800","2017-05-04 19:04:00"
"850","乐纯草莓蔓越莓三三三倍酸奶","800","3","ASN170504002","800","2017-05-04 19:04:00"
"851","乐纯榛子香草三三三倍酸奶","800","3","ASN170504002","800","2017-05-04 19:04:00"
"852","乐纯椰子玫瑰三三三倍酸奶","800","3","ASN170504002","800","2017-05-04 19:04:00"
"853","乐纯柠檬三三三倍酸奶","800","3","ASN170504002","800","2017-05-04 19:04:00"
"848","乐纯抹茶三三三倍酸奶","800","3","ASN170504002","800","2017-05-04 19:04:00"
"849","乐纯芒果菠萝三三三倍酸奶","800","3","ASN170504002","800","2017-05-04 19:04:00"
"850","乐纯草莓蔓越莓三三三倍酸奶","800","3","ASN170504002","800","2017-05-04 19:04:00"
"851","乐纯榛子香草三三三倍酸奶","800","3","ASN170504002","800","2017-05-04 19:04:00"
"852","乐纯椰子玫瑰三三三倍酸奶","800","3","ASN170504002","800","2017-05-04 19:04:00"
"853","乐纯柠檬三三三倍酸奶","800","3","ASN170504002","800","2017-05-04 19:04:00"
"963","美早樱桃中果","60","5","ASN170503003","70","2017-05-04 18:58:00"
"838","贵妃芒5斤装","187","5","ASN170502008","150","2017-05-04 18:56:00"
"839","贵妃芒8斤装","118","5","ASN170502008","150","2017-05-04 18:56:00"
"838","贵妃芒5斤装","187","5","ASN170502008","80","2017-05-04 18:56:00"
"839","贵妃芒8斤装","118","5","ASN170502008","80","2017-05-04 18:56:00"
"964","美早樱桃大果","52","5","ASN170503002","90","2017-05-04 18:26:00"
"981","海南金煌芒果五斤装","199","7","ASN170502007","199","2017-05-04 18:06:00"
"854","大船渔家黄蚬","58518","300","ASN170504006","2000","2017-05-04 17:58:00"
"854","大船渔家黄蚬","58518","300","ASN170503004","40000","2017-05-04 17:56:00"
"956","伦晚中果","137","15","ASN170501009","197","2017-05-04 17:52:00"
"955","伦晚小果","77","15","ASN170501008","927","2017-05-04 17:30:00"
"972","海阳蜜瓜小果","718","10","ASN170504011","358","2017-05-04 17:12:00"
"972","海阳蜜瓜小果","718","10","ASN170504005","358","2017-05-04 17:10:00"
"969","海阳蜜瓜中果","1204","10","ASN170504010","596","2017-05-04 17:08:00"
"969","海阳蜜瓜中果","1204","10","ASN170504003","596","2017-05-04 17:04:00"
"970","海阳蜜瓜大果","866","10","ASN170504004","433","2017-05-04 17:02:00"
"970","海阳蜜瓜大果","866","10","ASN170504012","433","2017-05-04 17:00:02"
"670","五彩野鸡蛋","1212","60","ASN170504009","1196","2017-05-04 16:28:00"
"949","以色列柑","844","10","ASN170503010","760","2017-05-04 16:24:00"
"977","都乐超甜蕉","230","2","ASN170503010","760","2017-05-04 16:24:00"
"949","以色列柑","844","10","ASN170503010","230","2017-05-04 16:24:00"
"977","都乐超甜蕉","230","2","ASN170503010","230","2017-05-04 16:24:00"
"838","贵妃芒5斤装","187","5","ASN170501006","277","2017-05-04 16:04:00"
"839","贵妃芒8斤装","118","5","ASN170430009","158","2017-05-04 16:02:00"
"876","澳洲安格斯牛腱子","565","300","ASN170504008","400","2017-05-04 15:42:00"
"976","皮皮虾","23","300","ASN170430004","240","2017-05-04 15:12:00"
"915","生蚝","300","2","ASN170504001","300","2017-05-04 14:08:00"
"605","有好东西火龙果5斤装","215","10","ASN170501005","300","2017-05-03 21:56:00"
"927","智利红提","20","5","ASN170502011","20","2017-05-03 21:56:00"
"917","姬娜果","1002","30","ASN170502011","20","2017-05-03 21:56:00"
"977","都乐超甜蕉","230","2","ASN170502011","20","2017-05-03 21:56:00"
"949","以色列柑","844","10","ASN170502011","20","2017-05-03 21:56:00"
"943","22#新西兰金果","63","10","ASN170502011","20","2017-05-03 21:56:00"
"966","佳沛金果","1046","10","ASN170502011","20","2017-05-03 21:56:00"
"927","智利红提","20","5","ASN170502011","1700","2017-05-03 21:56:00"
"917","姬娜果","1002","30","ASN170502011","1700","2017-05-03 21:56:00"
"977","都乐超甜蕉","230","2","ASN170502011","1700","2017-05-03 21:56:00"
"949","以色列柑","844","10","ASN170502011","1700","2017-05-03 21:56:00"
"943","22#新西兰金果","63","10","ASN170502011","1700","2017-05-03 21:56:00"
"966","佳沛金果","1046","10","ASN170502011","1700","2017-05-03 21:56:00"
"927","智利红提","20","5","ASN170502011","230","2017-05-03 21:56:00"
"917","姬娜果","1002","30","ASN170502011","230","2017-05-03 21:56:00"
"977","都乐超甜蕉","230","2","ASN170502011","230","2017-05-03 21:56:00"
"949","以色列柑","844","10","ASN170502011","230","2017-05-03 21:56:00"
"943","22#新西兰金果","63","10","ASN170502011","230","2017-05-03 21:56:00"
"966","佳沛金果","1046","10","ASN170502011","230","2017-05-03 21:56:00"
"927","智利红提","20","5","ASN170502011","380","2017-05-03 21:56:00"
"917","姬娜果","1002","30","ASN170502011","380","2017-05-03 21:56:00"
"977","都乐超甜蕉","230","2","ASN170502011","380","2017-05-03 21:56:00"
"949","以色列柑","844","10","ASN170502011","380","2017-05-03 21:56:00"
"943","22#新西兰金果","63","10","ASN170502011","380","2017-05-03 21:56:00"
"966","佳沛金果","1046","10","ASN170502011","380","2017-05-03 21:56:00"
"927","智利红提","20","5","ASN170502011","100","2017-05-03 21:56:00"
"917","姬娜果","1002","30","ASN170502011","100","2017-05-03 21:56:00"
"977","都乐超甜蕉","230","2","ASN170502011","100","2017-05-03 21:56:00"
"949","以色列柑","844","10","ASN170502011","100","2017-05-03 21:56:00"
"943","22#新西兰金果","63","10","ASN170502011","100","2017-05-03 21:56:00"
"966","佳沛金果","1046","10","ASN170502011","100","2017-05-03 21:56:00"
"927","智利红提","20","5","ASN170502011","2200","2017-05-03 21:56:00"
"917","姬娜果","1002","30","ASN170502011","2200","2017-05-03 21:56:00"
"977","都乐超甜蕉","230","2","ASN170502011","2200","2017-05-03 21:56:00"
"949","以色列柑","844","10","ASN170502011","2200","2017-05-03 21:56:00"
"943","22#新西兰金果","63","10","ASN170502011","2200","2017-05-03 21:56:00"
"966","佳沛金果","1046","10","ASN170502011","2200","2017-05-03 21:56:00"
"956","伦晚中果","137","15","ASN170501010","840","2017-05-03 01:24:00"
"957","伦晚大果","239","15","ASN170501011","600","2017-05-03 01:24:00"
"977","都乐超甜蕉","230","2","ASN170502010","230","2017-05-02 23:16:00"
"963","美早樱桃中果","60","5","ASN170502001","100","2017-05-02 19:04:00"
"964","美早樱桃大果","52","5","ASN170502002","100","2017-05-02 19:02:00"
"949","以色列柑","844","10","ASN170501007","760","2017-05-02 18:30:00"
"927","智利红提","20","5","ASN170501007","760","2017-05-02 18:30:00"
"966","佳沛金果","1046","10","ASN170501007","760","2017-05-02 18:30:00"
"943","22#新西兰金果","63","10","ASN170501007","760","2017-05-02 18:30:00"
"949","以色列柑","844","10","ASN170501007","30","2017-05-02 18:30:00"
"927","智利红提","20","5","ASN170501007","30","2017-05-02 18:30:00"
"966","佳沛金果","1046","10","ASN170501007","30","2017-05-02 18:30:00"
"943","22#新西兰金果","63","10","ASN170501007","30","2017-05-02 18:30:00"
"949","以色列柑","844","10","ASN170501007","1100","2017-05-02 18:30:00"
"927","智利红提","20","5","ASN170501007","1100","2017-05-02 18:30:00"
"966","佳沛金果","1046","10","ASN170501007","1100","2017-05-02 18:30:00"
"943","22#新西兰金果","63","10","ASN170501007","1100","2017-05-02 18:30:00"
"949","以色列柑","844","10","ASN170501007","150","2017-05-02 18:30:00"
"927","智利红提","20","5","ASN170501007","150","2017-05-02 18:30:00"
"966","佳沛金果","1046","10","ASN170501007","150","2017-05-02 18:30:00"
"943","22#新西兰金果","63","10","ASN170501007","150","2017-05-02 18:30:00"
"954","都乐木瓜","28","3","ASN170502005","498","2017-05-02 17:56:00"
"670","五彩野鸡蛋","1212","60","ASN170502006","1800","2017-05-02 17:52:00"
"982","即食海螺丝500g","22","300","ASN170502009","392","2017-05-02 17:48:00"
"742","有好东西螺蛳粉","2125","90","ASN170501002","1498","2017-05-02 15:42:00"
"915","生蚝","300","2","ASN170502003","270","2017-05-02 14:46:00"
"848","乐纯抹茶三三三倍酸奶","800","3","ASN170502004","800","2017-05-02 14:44:00"
"849","乐纯芒果菠萝三三三倍酸奶","800","3","ASN170502004","800","2017-05-02 14:44:00"
"850","乐纯草莓蔓越莓三三三倍酸奶","800","3","ASN170502004","800","2017-05-02 14:44:00"
"851","乐纯榛子香草三三三倍酸奶","800","3","ASN170502004","800","2017-05-02 14:44:00"
"852","乐纯椰子玫瑰三三三倍酸奶","800","3","ASN170502004","800","2017-05-02 14:44:00"
"853","乐纯柠檬三三三倍酸奶","800","3","ASN170502004","800","2017-05-02 14:44:00"
"848","乐纯抹茶三三三倍酸奶","800","3","ASN170502004","800","2017-05-02 14:44:00"
"849","乐纯芒果菠萝三三三倍酸奶","800","3","ASN170502004","800","2017-05-02 14:44:00"
"850","乐纯草莓蔓越莓三三三倍酸奶","800","3","ASN170502004","800","2017-05-02 14:44:00"
"851","乐纯榛子香草三三三倍酸奶","800","3","ASN170502004","800","2017-05-02 14:44:00"
"852","乐纯椰子玫瑰三三三倍酸奶","800","3","ASN170502004","800","2017-05-02 14:44:00"
"853","乐纯柠檬三三三倍酸奶","800","3","ASN170502004","800","2017-05-02 14:44:00"
"848","乐纯抹茶三三三倍酸奶","800","3","ASN170502004","800","2017-05-02 14:44:00"
"849","乐纯芒果菠萝三三三倍酸奶","800","3","ASN170502004","800","2017-05-02 14:44:00"
"850","乐纯草莓蔓越莓三三三倍酸奶","800","3","ASN170502004","800","2017-05-02 14:44:00"
"851","乐纯榛子香草三三三倍酸奶","800","3","ASN170502004","800","2017-05-02 14:44:00"
"852","乐纯椰子玫瑰三三三倍酸奶","800","3","ASN170502004","800","2017-05-02 14:44:00"
"853","乐纯柠檬三三三倍酸奶","800","3","ASN170502004","800","2017-05-02 14:44:00"
"848","乐纯抹茶三三三倍酸奶","800","3","ASN170502004","800","2017-05-02 14:44:00"
"849","乐纯芒果菠萝三三三倍酸奶","800","3","ASN170502004","800","2017-05-02 14:44:00"
"850","乐纯草莓蔓越莓三三三倍酸奶","800","3","ASN170502004","800","2017-05-02 14:44:00"
"851","乐纯榛子香草三三三倍酸奶","800","3","ASN170502004","800","2017-05-02 14:44:00"
"852","乐纯椰子玫瑰三三三倍酸奶","800","3","ASN170502004","800","2017-05-02 14:44:00"
"853","乐纯柠檬三三三倍酸奶","800","3","ASN170502004","800","2017-05-02 14:44:00"
"848","乐纯抹茶三三三倍酸奶","800","3","ASN170502004","800","2017-05-02 14:44:00"
"849","乐纯芒果菠萝三三三倍酸奶","800","3","ASN170502004","800","2017-05-02 14:44:00"
"850","乐纯草莓蔓越莓三三三倍酸奶","800","3","ASN170502004","800","2017-05-02 14:44:00"
"851","乐纯榛子香草三三三倍酸奶","800","3","ASN170502004","800","2017-05-02 14:44:00"
"852","乐纯椰子玫瑰三三三倍酸奶","800","3","ASN170502004","800","2017-05-02 14:44:00"
"853","乐纯柠檬三三三倍酸奶","800","3","ASN170502004","800","2017-05-02 14:44:00"
"848","乐纯抹茶三三三倍酸奶","800","3","ASN170502004","800","2017-05-02 14:44:00"
"849","乐纯芒果菠萝三三三倍酸奶","800","3","ASN170502004","800","2017-05-02 14:44:00"
"850","乐纯草莓蔓越莓三三三倍酸奶","800","3","ASN170502004","800","2017-05-02 14:44:00"
"851","乐纯榛子香草三三三倍酸奶","800","3","ASN170502004","800","2017-05-02 14:44:00"
"852","乐纯椰子玫瑰三三三倍酸奶","800","3","ASN170502004","800","2017-05-02 14:44:00"
"853","乐纯柠檬三三三倍酸奶","800","3","ASN170502004","800","2017-05-02 14:44:00"
"621","有好东西百香果","1004","20","ASN170501003","2924","2017-05-02 14:34:00"
"838","贵妃芒5斤装","187","5","ASN170430003","189","2017-05-01 23:42:00"
"965","重庆小面240g","5","90","ASN170428013","1260","2017-05-01 17:30:00"
"949","以色列柑","844","10","ASN170501001","760","2017-05-01 16:08:00"
"927","智利红提","20","5","ASN170501001","760","2017-05-01 16:08:00"
"917","姬娜果","1002","30","ASN170501001","760","2017-05-01 16:08:00"
"966","佳沛金果","1046","10","ASN170501001","760","2017-05-01 16:08:00"
"943","22#新西兰金果","63","10","ASN170501001","760","2017-05-01 16:08:00"
"949","以色列柑","844","10","ASN170501001","20","2017-05-01 16:08:00"
"927","智利红提","20","5","ASN170501001","20","2017-05-01 16:08:00"
"917","姬娜果","1002","30","ASN170501001","20","2017-05-01 16:08:00"
"966","佳沛金果","1046","10","ASN170501001","20","2017-05-01 16:08:00"
"943","22#新西兰金果","63","10","ASN170501001","20","2017-05-01 16:08:00"
"949","以色列柑","844","10","ASN170501001","850","2017-05-01 16:08:00"
"927","智利红提","20","5","ASN170501001","850","2017-05-01 16:08:00"
"917","姬娜果","1002","30","ASN170501001","850","2017-05-01 16:08:00"
"966","佳沛金果","1046","10","ASN170501001","850","2017-05-01 16:08:00"
"943","22#新西兰金果","63","10","ASN170501001","850","2017-05-01 16:08:00"
"949","以色列柑","844","10","ASN170501001","1100","2017-05-01 16:08:00"
"927","智利红提","20","5","ASN170501001","1100","2017-05-01 16:08:00"
"917","姬娜果","1002","30","ASN170501001","1100","2017-05-01 16:08:00"
"966","佳沛金果","1046","10","ASN170501001","1100","2017-05-01 16:08:00"
"943","22#新西兰金果","63","10","ASN170501001","1100","2017-05-01 16:08:00"
"949","以色列柑","844","10","ASN170501001","50","2017-05-01 16:08:00"
"927","智利红提","20","5","ASN170501001","50","2017-05-01 16:08:00"
"917","姬娜果","1002","30","ASN170501001","50","2017-05-01 16:08:00"
"966","佳沛金果","1046","10","ASN170501001","50","2017-05-01 16:08:00"
"943","22#新西兰金果","63","10","ASN170501001","50","2017-05-01 16:08:00"
"838","贵妃芒5斤装","187","5","ASN170430002","148","2017-05-01 14:58:00"
"978","郭万和果蔬珍珠小笼包450g","2253","180","ASN170430005","2847","2017-05-01 14:56:00"
"948","厄瓜多尔白虾","530","365","ASN170426003","600","2017-04-30 22:24:00"
"621","有好东西百香果","1004","20","ASN170430008","1379","2017-04-30 20:32:00"
"947","天赐怪味香肠","508","100","ASN170428006","120","2017-04-30 19:42:00"
"805","有好东西广式香肠","979","100","ASN170425009","540","2017-04-30 19:40:00"
"805","有好东西广式香肠","979","100","ASN170428005","358","2017-04-30 19:40:00"
"838","贵妃芒5斤装","187","5","ASN170423015","171","2017-04-30 18:38:00"
"843","蜜舐椴树蜂蜜","451","365","ASN170425008","225","2017-04-30 16:48:00"
"980","进口水果套餐（3种水果）","2","3","ASN170430007","133","2017-04-30 16:26:01"
"949","以色列柑","844","10","ASN170429008","950","2017-04-30 15:54:00"
"943","22#新西兰金果","63","10","ASN170429008","950","2017-04-30 15:54:00"
"949","以色列柑","844","10","ASN170429008","100","2017-04-30 15:54:00"
"943","22#新西兰金果","63","10","ASN170429008","100","2017-04-30 15:54:00"
"662","姜母红糖","576","365","ASN170425007","576","2017-04-30 15:50:00"
"663","玫瑰红糖","574","365","ASN170425007","576","2017-04-30 15:50:00"
"664","原味红糖","402","365","ASN170425007","576","2017-04-30 15:50:00"
"662","姜母红糖","576","365","ASN170425007","456","2017-04-30 15:50:00"
"663","玫瑰红糖","574","365","ASN170425007","456","2017-04-30 15:50:00"
"664","原味红糖","402","365","ASN170425007","456","2017-04-30 15:50:00"
"662","姜母红糖","576","365","ASN170425007","280","2017-04-30 15:50:00"
"663","玫瑰红糖","574","365","ASN170425007","280","2017-04-30 15:50:00"
"664","原味红糖","402","365","ASN170425007","280","2017-04-30 15:50:00"
"796","有好东西三文鱼","366","540","ASN170429009","500","2017-04-30 15:18:00"
"621","有好东西百香果","1004","20","ASN170429001","2100","2017-04-29 23:56:00"
"949","以色列柑","844","10","ASN170428016","100","2017-04-29 21:06:00"
"943","22#新西兰金果","63","10","ASN170428016","100","2017-04-29 21:06:00"
"966","佳沛金果","1046","10","ASN170428016","100","2017-04-29 21:06:00"
"927","智利红提","20","5","ASN170428016","100","2017-04-29 21:06:00"
"949","以色列柑","844","10","ASN170428016","2200","2017-04-29 21:06:00"
"943","22#新西兰金果","63","10","ASN170428016","2200","2017-04-29 21:06:00"
"966","佳沛金果","1046","10","ASN170428016","2200","2017-04-29 21:06:00"
"927","智利红提","20","5","ASN170428016","2200","2017-04-29 21:06:00"
"949","以色列柑","844","10","ASN170428016","35","2017-04-29 21:04:00"
"943","22#新西兰金果","63","10","ASN170428016","35","2017-04-29 21:04:00"
"966","佳沛金果","1046","10","ASN170428016","35","2017-04-29 21:04:00"
"927","智利红提","20","5","ASN170428016","35","2017-04-29 21:04:00"
"949","以色列柑","844","10","ASN170428016","1330","2017-04-29 21:00:00"
"943","22#新西兰金果","63","10","ASN170428016","1330","2017-04-29 21:00:00"
"966","佳沛金果","1046","10","ASN170428016","1330","2017-04-29 21:00:00"
"927","智利红提","20","5","ASN170428016","1330","2017-04-29 21:00:00"
"879","新新果园山楂优块","7969","90","ASN170418018","11200","2017-04-29 19:04:00"
"848","乐纯抹茶三三三倍酸奶","800","3","ASN170429003","597","2017-04-29 19:00:00"
"849","乐纯芒果菠萝三三三倍酸奶","800","3","ASN170429003","597","2017-04-29 19:00:00"
"850","乐纯草莓蔓越莓三三三倍酸奶","800","3","ASN170429003","597","2017-04-29 19:00:00"
"851","乐纯榛子香草三三三倍酸奶","800","3","ASN170429003","597","2017-04-29 19:00:00"
"852","乐纯椰子玫瑰三三三倍酸奶","800","3","ASN170429003","597","2017-04-29 19:00:00"
"853","乐纯柠檬三三三倍酸奶","800","3","ASN170429003","597","2017-04-29 19:00:00"
"848","乐纯抹茶三三三倍酸奶","800","3","ASN170429003","597","2017-04-29 19:00:00"
"849","乐纯芒果菠萝三三三倍酸奶","800","3","ASN170429003","597","2017-04-29 19:00:00"
"850","乐纯草莓蔓越莓三三三倍酸奶","800","3","ASN170429003","597","2017-04-29 19:00:00"
"851","乐纯榛子香草三三三倍酸奶","800","3","ASN170429003","597","2017-04-29 19:00:00"
"852","乐纯椰子玫瑰三三三倍酸奶","800","3","ASN170429003","597","2017-04-29 19:00:00"
"853","乐纯柠檬三三三倍酸奶","800","3","ASN170429003","597","2017-04-29 19:00:00"
"848","乐纯抹茶三三三倍酸奶","800","3","ASN170429003","597","2017-04-29 19:00:00"
"849","乐纯芒果菠萝三三三倍酸奶","800","3","ASN170429003","597","2017-04-29 19:00:00"
"850","乐纯草莓蔓越莓三三三倍酸奶","800","3","ASN170429003","597","2017-04-29 19:00:00"
"851","乐纯榛子香草三三三倍酸奶","800","3","ASN170429003","597","2017-04-29 19:00:00"
"852","乐纯椰子玫瑰三三三倍酸奶","800","3","ASN170429003","597","2017-04-29 19:00:00"
"853","乐纯柠檬三三三倍酸奶","800","3","ASN170429003","597","2017-04-29 19:00:00"
"848","乐纯抹茶三三三倍酸奶","800","3","ASN170429003","597","2017-04-29 19:00:00"
"849","乐纯芒果菠萝三三三倍酸奶","800","3","ASN170429003","597","2017-04-29 19:00:00"
"850","乐纯草莓蔓越莓三三三倍酸奶","800","3","ASN170429003","597","2017-04-29 19:00:00"
"851","乐纯榛子香草三三三倍酸奶","800","3","ASN170429003","597","2017-04-29 19:00:00"
"852","乐纯椰子玫瑰三三三倍酸奶","800","3","ASN170429003","597","2017-04-29 19:00:00"
"853","乐纯柠檬三三三倍酸奶","800","3","ASN170429003","597","2017-04-29 19:00:00"
"848","乐纯抹茶三三三倍酸奶","800","3","ASN170429003","597","2017-04-29 19:00:00"
"849","乐纯芒果菠萝三三三倍酸奶","800","3","ASN170429003","597","2017-04-29 19:00:00"
"850","乐纯草莓蔓越莓三三三倍酸奶","800","3","ASN170429003","597","2017-04-29 19:00:00"
"851","乐纯榛子香草三三三倍酸奶","800","3","ASN170429003","597","2017-04-29 19:00:00"
"852","乐纯椰子玫瑰三三三倍酸奶","800","3","ASN170429003","597","2017-04-29 19:00:00"
"853","乐纯柠檬三三三倍酸奶","800","3","ASN170429003","597","2017-04-29 19:00:00"
"848","乐纯抹茶三三三倍酸奶","800","3","ASN170429003","597","2017-04-29 19:00:00"
"849","乐纯芒果菠萝三三三倍酸奶","800","3","ASN170429003","597","2017-04-29 19:00:00"
"850","乐纯草莓蔓越莓三三三倍酸奶","800","3","ASN170429003","597","2017-04-29 19:00:00"
"851","乐纯榛子香草三三三倍酸奶","800","3","ASN170429003","597","2017-04-29 19:00:00"
"852","乐纯椰子玫瑰三三三倍酸奶","800","3","ASN170429003","597","2017-04-29 19:00:00"
"853","乐纯柠檬三三三倍酸奶","800","3","ASN170429003","597","2017-04-29 19:00:00"
"621","有好东西百香果","1004","20","ASN170428007","1083","2017-04-29 18:54:00"
"874","威尔斯黄花鱼","744","300","ASN170429007","562","2017-04-29 17:10:00"
"708","有好东西手工清真牛肉酱","3344","365","ASN170428009","48","2017-04-29 17:08:00"
"941","犁响生态鲜腐竹160g","19585","120","ASN170429005","7500","2017-04-29 17:08:00"
"977","都乐超甜蕉","230","2","ASN170429006","256","2017-04-29 17:06:00"
"946","厚道海鲜辣酱","150","180","ASN170429002","24","2017-04-29 14:30:00"
"944","蓝莓","3","7","ASN170429002","24","2017-04-29 14:30:00"
"946","厚道海鲜辣酱","150","180","ASN170429002","84","2017-04-29 14:30:00"
"944","蓝莓","3","7","ASN170429002","84","2017-04-29 14:30:00"
"838","贵妃芒5斤装","187","5","ASN170423014","172","2017-04-28 22:00:00"
"943","22#新西兰金果","63","10","ASN170428015","100","2017-04-28 20:08:00"
"889","台湾金钻菠萝","1","7","ASN170428014","7","2017-04-28 20:04:00"
"949","以色列柑","844","10","ASN170428001","760","2017-04-28 19:22:00"
"977","都乐超甜蕉","230","2","ASN170428001","760","2017-04-28 19:22:00"
"927","智利红提","20","5","ASN170428001","760","2017-04-28 19:22:00"
"943","22#新西兰金果","63","10","ASN170428001","760","2017-04-28 19:22:00"
"949","以色列柑","844","10","ASN170428001","100","2017-04-28 19:20:00"
"977","都乐超甜蕉","230","2","ASN170428001","100","2017-04-28 19:20:00"
"927","智利红提","20","5","ASN170428001","100","2017-04-28 19:20:00"
"943","22#新西兰金果","63","10","ASN170428001","100","2017-04-28 19:20:00"
"949","以色列柑","844","10","ASN170428001","20","2017-04-28 19:16:00"
"977","都乐超甜蕉","230","2","ASN170428001","20","2017-04-28 19:16:00"
"927","智利红提","20","5","ASN170428001","20","2017-04-28 19:16:00"
"943","22#新西兰金果","63","10","ASN170428001","20","2017-04-28 19:16:00"
"708","有好东西手工清真牛肉酱","3344","365","ASN170428010","1752","2017-04-28 19:06:00"
"729","有好东西枣夹核桃","61","120","ASN170423009","90","2017-04-28 18:50:00"
"618","有好东西每日坚果","846","300","ASN170418017","1500","2017-04-28 17:00:00"
"949","以色列柑","844","10","ASN170428001","160","2017-04-28 15:24:00"
"977","都乐超甜蕉","230","2","ASN170428001","160","2017-04-28 15:24:00"
"927","智利红提","20","5","ASN170428001","160","2017-04-28 15:24:00"
"943","22#新西兰金果","63","10","ASN170428001","160","2017-04-28 15:24:00"
"915","生蚝","300","2","ASN170428003","200","2017-04-28 15:20:00"
"887","法国猪肋排","4403","300","ASN170428004","2095","2017-04-28 15:08:00"
"889","台湾金钻菠萝","1","7","ASN170427003","478","2017-04-28 10:44:00"
"922","开椰器","3038","300","ASN170426010","3800","2017-04-27 19:06:00"
"949","以色列柑","844","10","ASN170426012","780","2017-04-27 18:36:00"
"977","都乐超甜蕉","230","2","ASN170426012","780","2017-04-27 18:36:00"
"949","以色列柑","844","10","ASN170426012","480","2017-04-27 18:36:00"
"977","都乐超甜蕉","230","2","ASN170426012","480","2017-04-27 18:36:00"
"875","澳洲安格斯牛腩切条","374","300","ASN170427001","250","2017-04-27 17:22:00"
"876","澳洲安格斯牛腱子","565","300","ASN170427001","250","2017-04-27 17:22:00"
"875","澳洲安格斯牛腩切条","374","300","ASN170427001","150","2017-04-27 17:22:00"
"876","澳洲安格斯牛腱子","565","300","ASN170427001","150","2017-04-27 17:22:00"
"670","五彩野鸡蛋","1212","60","ASN170426011","1200","2017-04-27 17:18:00"
"952","蒙粮风干牛肉","23","300","ASN170424002","300","2017-04-27 17:06:00"
"962","Driscoll&#39;s 蓝莓","3","7","ASN170426008","2676","2017-04-27 17:02:00"
"941","犁响生态鲜腐竹160g","19585","120","ASN170425010","7500","2017-04-27 13:42:00"
"848","乐纯抹茶三三三倍酸奶","800","3","ASN170426004","600","2017-04-27 12:44:00"
"849","乐纯芒果菠萝三三三倍酸奶","800","3","ASN170426004","600","2017-04-27 12:44:00"
"850","乐纯草莓蔓越莓三三三倍酸奶","800","3","ASN170426004","600","2017-04-27 12:44:00"
"851","乐纯榛子香草三三三倍酸奶","800","3","ASN170426004","600","2017-04-27 12:44:00"
"852","乐纯椰子玫瑰三三三倍酸奶","800","3","ASN170426004","600","2017-04-27 12:44:00"
"853","乐纯柠檬三三三倍酸奶","800","3","ASN170426004","600","2017-04-27 12:44:00"
"848","乐纯抹茶三三三倍酸奶","800","3","ASN170426004","600","2017-04-27 12:44:00"
"849","乐纯芒果菠萝三三三倍酸奶","800","3","ASN170426004","600","2017-04-27 12:44:00"
"850","乐纯草莓蔓越莓三三三倍酸奶","800","3","ASN170426004","600","2017-04-27 12:44:00"
"851","乐纯榛子香草三三三倍酸奶","800","3","ASN170426004","600","2017-04-27 12:44:00"
"852","乐纯椰子玫瑰三三三倍酸奶","800","3","ASN170426004","600","2017-04-27 12:44:00"
"853","乐纯柠檬三三三倍酸奶","800","3","ASN170426004","600","2017-04-27 12:44:00"
"848","乐纯抹茶三三三倍酸奶","800","3","ASN170426004","600","2017-04-27 12:44:00"
"849","乐纯芒果菠萝三三三倍酸奶","800","3","ASN170426004","600","2017-04-27 12:44:00"
"850","乐纯草莓蔓越莓三三三倍酸奶","800","3","ASN170426004","600","2017-04-27 12:44:00"
"851","乐纯榛子香草三三三倍酸奶","800","3","ASN170426004","600","2017-04-27 12:44:00"
"852","乐纯椰子玫瑰三三三倍酸奶","800","3","ASN170426004","600","2017-04-27 12:44:00"
"853","乐纯柠檬三三三倍酸奶","800","3","ASN170426004","600","2017-04-27 12:44:00"
"848","乐纯抹茶三三三倍酸奶","800","3","ASN170426004","600","2017-04-27 12:44:00"
"849","乐纯芒果菠萝三三三倍酸奶","800","3","ASN170426004","600","2017-04-27 12:44:00"
"850","乐纯草莓蔓越莓三三三倍酸奶","800","3","ASN170426004","600","2017-04-27 12:44:00"
"851","乐纯榛子香草三三三倍酸奶","800","3","ASN170426004","600","2017-04-27 12:44:00"
"852","乐纯椰子玫瑰三三三倍酸奶","800","3","ASN170426004","600","2017-04-27 12:44:00"
"853","乐纯柠檬三三三倍酸奶","800","3","ASN170426004","600","2017-04-27 12:44:00"
"848","乐纯抹茶三三三倍酸奶","800","3","ASN170426004","600","2017-04-27 12:44:00"
"849","乐纯芒果菠萝三三三倍酸奶","800","3","ASN170426004","600","2017-04-27 12:44:00"
"850","乐纯草莓蔓越莓三三三倍酸奶","800","3","ASN170426004","600","2017-04-27 12:44:00"
"851","乐纯榛子香草三三三倍酸奶","800","3","ASN170426004","600","2017-04-27 12:44:00"
"852","乐纯椰子玫瑰三三三倍酸奶","800","3","ASN170426004","600","2017-04-27 12:44:00"
"853","乐纯柠檬三三三倍酸奶","800","3","ASN170426004","600","2017-04-27 12:44:00"
"848","乐纯抹茶三三三倍酸奶","800","3","ASN170426004","600","2017-04-27 12:44:00"
"849","乐纯芒果菠萝三三三倍酸奶","800","3","ASN170426004","600","2017-04-27 12:44:00"
"850","乐纯草莓蔓越莓三三三倍酸奶","800","3","ASN170426004","600","2017-04-27 12:44:00"
"851","乐纯榛子香草三三三倍酸奶","800","3","ASN170426004","600","2017-04-27 12:44:00"
"852","乐纯椰子玫瑰三三三倍酸奶","800","3","ASN170426004","600","2017-04-27 12:44:00"
"853","乐纯柠檬三三三倍酸奶","800","3","ASN170426004","600","2017-04-27 12:44:00"
"820","有好东西瑶鸡","118","90","ASN170425011","380","2017-04-26 18:48:00"
"960","摩飞电器便携式果汁机迷你型","9","300","ASN170425005","100","2017-04-26 18:32:00"
"960","摩飞电器便携式果汁机迷你型","9","300","ASN170426006","100","2017-04-26 18:32:00"
"943","22#新西兰金果","63","10","ASN170425012","150","2017-04-26 18:28:00"
"966","佳沛金果","1046","10","ASN170425012","150","2017-04-26 18:28:00"
"943","22#新西兰金果","63","10","ASN170425012","3300","2017-04-26 18:28:00"
"966","佳沛金果","1046","10","ASN170425012","3300","2017-04-26 18:28:00"
"949","以色列柑","844","10","ASN170425013","780","2017-04-26 18:18:00"
"977","都乐超甜蕉","230","2","ASN170425013","780","2017-04-26 18:18:00"
"949","以色列柑","844","10","ASN170425013","640","2017-04-26 18:18:00"
"977","都乐超甜蕉","230","2","ASN170425013","640","2017-04-26 18:18:00"
"922","开椰器","3038","300","ASN170426001","400","2017-04-26 17:50:00"
"890","达沃滋盐焗口味开心果350g","169","180","ASN170426007","240","2017-04-26 17:48:00"
"959","即食香螺200g","1678","300","ASN170426002","2000","2017-04-26 17:38:00"
"949","以色列柑","844","10","ASN170424012","780","2017-04-26 15:00:00"
"972","海阳蜜瓜小果","718","10","ASN170424005","706","2017-04-25 18:16:00"
"621","有好东西百香果","1004","20","ASN170424007","1806","2017-04-25 18:10:00"
"964","美早樱桃大果","52","5","ASN170424009","300","2017-04-25 18:10:00"
"963","美早樱桃中果","60","5","ASN170424008","300","2017-04-25 18:08:00"
"838","贵妃芒5斤装","187","5","ASN170423013","176","2017-04-25 17:56:00"
"976","皮皮虾","23","300","ASN170425006","455","2017-04-25 17:52:00"
"891","有好东西芝麻夹心海苔52g","1418","300","ASN170424001","359","2017-04-25 17:48:00"
"952","蒙粮风干牛肉","23","300","ASN170425004","200","2017-04-25 16:50:02"
"866","泰国椰青","2736","7","ASN170425001","18450","2017-04-25 16:22:00"
"848","乐纯抹茶三三三倍酸奶","800","3","ASN170425003","100","2017-04-25 15:48:00"
"849","乐纯芒果菠萝三三三倍酸奶","800","3","ASN170425003","100","2017-04-25 15:48:00"
"850","乐纯草莓蔓越莓三三三倍酸奶","800","3","ASN170425003","100","2017-04-25 15:48:00"
"851","乐纯榛子香草三三三倍酸奶","800","3","ASN170425003","100","2017-04-25 15:48:00"
"852","乐纯椰子玫瑰三三三倍酸奶","800","3","ASN170425003","100","2017-04-25 15:48:00"
"853","乐纯柠檬三三三倍酸奶","800","3","ASN170425003","100","2017-04-25 15:48:00"
"848","乐纯抹茶三三三倍酸奶","800","3","ASN170425003","100","2017-04-25 15:48:00"
"849","乐纯芒果菠萝三三三倍酸奶","800","3","ASN170425003","100","2017-04-25 15:48:00"
"850","乐纯草莓蔓越莓三三三倍酸奶","800","3","ASN170425003","100","2017-04-25 15:48:00"
"851","乐纯榛子香草三三三倍酸奶","800","3","ASN170425003","100","2017-04-25 15:48:00"
"852","乐纯椰子玫瑰三三三倍酸奶","800","3","ASN170425003","100","2017-04-25 15:48:00"
"853","乐纯柠檬三三三倍酸奶","800","3","ASN170425003","100","2017-04-25 15:48:00"
"848","乐纯抹茶三三三倍酸奶","800","3","ASN170425003","100","2017-04-25 15:48:00"
"849","乐纯芒果菠萝三三三倍酸奶","800","3","ASN170425003","100","2017-04-25 15:48:00"
"850","乐纯草莓蔓越莓三三三倍酸奶","800","3","ASN170425003","100","2017-04-25 15:48:00"
"851","乐纯榛子香草三三三倍酸奶","800","3","ASN170425003","100","2017-04-25 15:48:00"
"852","乐纯椰子玫瑰三三三倍酸奶","800","3","ASN170425003","100","2017-04-25 15:48:00"
"853","乐纯柠檬三三三倍酸奶","800","3","ASN170425003","100","2017-04-25 15:48:00"
"848","乐纯抹茶三三三倍酸奶","800","3","ASN170425003","100","2017-04-25 15:48:00"
"849","乐纯芒果菠萝三三三倍酸奶","800","3","ASN170425003","100","2017-04-25 15:48:00"
"850","乐纯草莓蔓越莓三三三倍酸奶","800","3","ASN170425003","100","2017-04-25 15:48:00"
"851","乐纯榛子香草三三三倍酸奶","800","3","ASN170425003","100","2017-04-25 15:48:00"
"852","乐纯椰子玫瑰三三三倍酸奶","800","3","ASN170425003","100","2017-04-25 15:48:00"
"853","乐纯柠檬三三三倍酸奶","800","3","ASN170425003","100","2017-04-25 15:48:00"
"848","乐纯抹茶三三三倍酸奶","800","3","ASN170425003","100","2017-04-25 15:48:00"
"849","乐纯芒果菠萝三三三倍酸奶","800","3","ASN170425003","100","2017-04-25 15:48:00"
"850","乐纯草莓蔓越莓三三三倍酸奶","800","3","ASN170425003","100","2017-04-25 15:48:00"
"851","乐纯榛子香草三三三倍酸奶","800","3","ASN170425003","100","2017-04-25 15:48:00"
"852","乐纯椰子玫瑰三三三倍酸奶","800","3","ASN170425003","100","2017-04-25 15:48:00"
"853","乐纯柠檬三三三倍酸奶","800","3","ASN170425003","100","2017-04-25 15:48:00"
"848","乐纯抹茶三三三倍酸奶","800","3","ASN170425003","100","2017-04-25 15:48:00"
"849","乐纯芒果菠萝三三三倍酸奶","800","3","ASN170425003","100","2017-04-25 15:48:00"
"850","乐纯草莓蔓越莓三三三倍酸奶","800","3","ASN170425003","100","2017-04-25 15:48:00"
"851","乐纯榛子香草三三三倍酸奶","800","3","ASN170425003","100","2017-04-25 15:48:00"
"852","乐纯椰子玫瑰三三三倍酸奶","800","3","ASN170425003","100","2017-04-25 15:48:00"
"853","乐纯柠檬三三三倍酸奶","800","3","ASN170425003","100","2017-04-25 15:48:00"
"893","蜜舐椴树蜂蜜(二赠一组合装)","97","365","ASN170418010","252","2017-04-25 15:38:00"
"922","开椰器","3038","300","ASN170424003","400","2017-04-25 14:52:00"
"955","伦晚小果","77","15","ASN170418003","996","2017-04-24 22:40:00"
"956","伦晚中果","137","15","ASN170418004","775","2017-04-24 22:38:00"
"957","伦晚大果","239","15","ASN170418005","903","2017-04-24 22:34:00"
"965","重庆小面240g","5","90","ASN170421006","3300","2017-04-24 19:02:00"
"622","有好东西板栗10袋装","1972","540","ASN170418014","2010","2017-04-24 18:46:00"
"969","海阳蜜瓜中果","1204","10","ASN170424006","82","2017-04-24 18:08:00"
"948","厄瓜多尔白虾","530","365","ASN170423006","90","2017-04-24 17:02:00"
"969","海阳蜜瓜中果","1204","10","ASN170422010","1400","2017-04-24 16:58:00"
"970","海阳蜜瓜大果","866","10","ASN170422011","570","2017-04-24 16:44:00"
"949","以色列柑","844","10","ASN170423017","1170","2017-04-24 16:04:00"
"887","法国猪肋排","4403","300","ASN170423002","2394","2017-04-24 16:00:00"
"621","有好东西百香果","1004","20","ASN170423012","1344","2017-04-24 15:44:00"
"971","水果鲜玉米","26","3","ASN170424004","41","2017-04-24 15:22:00"
"838","贵妃芒5斤装","187","5","ASN170422001","429","2017-04-24 14:10:00"
"839","贵妃芒8斤装","118","5","ASN170422001","429","2017-04-24 14:10:00"
"838","贵妃芒5斤装","187","5","ASN170422001","137","2017-04-24 14:10:00"
"839","贵妃芒8斤装","118","5","ASN170422001","137","2017-04-24 14:10:00"
"892","有好东西香蕉夹心海苔","3822","300","ASN170420002","2385","2017-04-23 20:38:00"
"707","有好东西五常大米","260","365","ASN170423008","352","2017-04-23 19:24:00"
"670","五彩野鸡蛋","1212","60","ASN170423016","1200","2017-04-23 17:48:00"
"949","以色列柑","844","10","ASN170422009","1950","2017-04-23 17:46:00"
"917","姬娜果","1002","30","ASN170422009","1950","2017-04-23 17:46:00"
"949","以色列柑","844","10","ASN170422009","4480","2017-04-23 17:46:00"
"917","姬娜果","1002","30","ASN170422009","4480","2017-04-23 17:46:00"
"964","美早樱桃大果","52","5","ASN170423004","300","2017-04-23 16:42:00"
"758","有好东西藜麦","353","365","ASN170418016","1280","2017-04-23 16:04:00"
"954","都乐木瓜","28","3","ASN170422004","940","2017-04-23 15:04:00"
"915","生蚝","300","2","ASN170423001","350","2017-04-23 14:54:00"
"621","有好东西百香果","1004","20","ASN170422008","823","2017-04-23 14:16:00"
"835","有好东西库尔勒香梨","4","25","ASN170422002","3410","2017-04-22 23:04:00"
"662","姜母红糖","576","365","ASN170413013","180","2017-04-22 23:00:00"
"663","玫瑰红糖","574","365","ASN170413013","180","2017-04-22 23:00:00"
"664","原味红糖","402","365","ASN170413013","180","2017-04-22 23:00:00"
"662","姜母红糖","576","365","ASN170413013","179","2017-04-22 23:00:00"
"663","玫瑰红糖","574","365","ASN170413013","179","2017-04-22 23:00:00"
"664","原味红糖","402","365","ASN170413013","179","2017-04-22 23:00:00"
"662","姜母红糖","576","365","ASN170413013","180","2017-04-22 23:00:00"
"663","玫瑰红糖","574","365","ASN170413013","180","2017-04-22 23:00:00"
"664","原味红糖","402","365","ASN170413013","180","2017-04-22 23:00:00"
"670","五彩野鸡蛋","1212","60","ASN170422006","4800","2017-04-22 20:00:00"
"963","美早樱桃中果","60","5","ASN170422007","116","2017-04-22 17:42:00"
"848","乐纯抹茶三三三倍酸奶","800","3","ASN170420014","1400","2017-04-22 17:38:00"
"849","乐纯芒果菠萝三三三倍酸奶","800","3","ASN170420014","1400","2017-04-22 17:38:00"
"850","乐纯草莓蔓越莓三三三倍酸奶","800","3","ASN170420014","1400","2017-04-22 17:38:00"
"851","乐纯榛子香草三三三倍酸奶","800","3","ASN170420014","1400","2017-04-22 17:38:00"
"852","乐纯椰子玫瑰三三三倍酸奶","800","3","ASN170420014","1400","2017-04-22 17:38:00"
"853","乐纯柠檬三三三倍酸奶","800","3","ASN170420014","1400","2017-04-22 17:38:00"
"848","乐纯抹茶三三三倍酸奶","800","3","ASN170420014","1400","2017-04-22 17:38:00"
"849","乐纯芒果菠萝三三三倍酸奶","800","3","ASN170420014","1400","2017-04-22 17:38:00"
"850","乐纯草莓蔓越莓三三三倍酸奶","800","3","ASN170420014","1400","2017-04-22 17:38:00"
"851","乐纯榛子香草三三三倍酸奶","800","3","ASN170420014","1400","2017-04-22 17:38:00"
"852","乐纯椰子玫瑰三三三倍酸奶","800","3","ASN170420014","1400","2017-04-22 17:38:00"
"853","乐纯柠檬三三三倍酸奶","800","3","ASN170420014","1400","2017-04-22 17:38:00"
"848","乐纯抹茶三三三倍酸奶","800","3","ASN170420014","1400","2017-04-22 17:38:00"
"849","乐纯芒果菠萝三三三倍酸奶","800","3","ASN170420014","1400","2017-04-22 17:38:00"
"850","乐纯草莓蔓越莓三三三倍酸奶","800","3","ASN170420014","1400","2017-04-22 17:38:00"
"851","乐纯榛子香草三三三倍酸奶","800","3","ASN170420014","1400","2017-04-22 17:38:00"
"852","乐纯椰子玫瑰三三三倍酸奶","800","3","ASN170420014","1400","2017-04-22 17:38:00"
"853","乐纯柠檬三三三倍酸奶","800","3","ASN170420014","1400","2017-04-22 17:38:00"
"848","乐纯抹茶三三三倍酸奶","800","3","ASN170420014","1400","2017-04-22 17:38:00"
"849","乐纯芒果菠萝三三三倍酸奶","800","3","ASN170420014","1400","2017-04-22 17:38:00"
"850","乐纯草莓蔓越莓三三三倍酸奶","800","3","ASN170420014","1400","2017-04-22 17:38:00"
"851","乐纯榛子香草三三三倍酸奶","800","3","ASN170420014","1400","2017-04-22 17:38:00"
"852","乐纯椰子玫瑰三三三倍酸奶","800","3","ASN170420014","1400","2017-04-22 17:38:00"
"853","乐纯柠檬三三三倍酸奶","800","3","ASN170420014","1400","2017-04-22 17:38:00"
"848","乐纯抹茶三三三倍酸奶","800","3","ASN170420014","1400","2017-04-22 17:38:00"
"849","乐纯芒果菠萝三三三倍酸奶","800","3","ASN170420014","1400","2017-04-22 17:38:00"
"850","乐纯草莓蔓越莓三三三倍酸奶","800","3","ASN170420014","1400","2017-04-22 17:38:00"
"851","乐纯榛子香草三三三倍酸奶","800","3","ASN170420014","1400","2017-04-22 17:38:00"
"852","乐纯椰子玫瑰三三三倍酸奶","800","3","ASN170420014","1400","2017-04-22 17:38:00"
"853","乐纯柠檬三三三倍酸奶","800","3","ASN170420014","1400","2017-04-22 17:38:00"
"848","乐纯抹茶三三三倍酸奶","800","3","ASN170420014","1400","2017-04-22 17:38:00"
"849","乐纯芒果菠萝三三三倍酸奶","800","3","ASN170420014","1400","2017-04-22 17:38:00"
"850","乐纯草莓蔓越莓三三三倍酸奶","800","3","ASN170420014","1400","2017-04-22 17:38:00"
"851","乐纯榛子香草三三三倍酸奶","800","3","ASN170420014","1400","2017-04-22 17:38:00"
"852","乐纯椰子玫瑰三三三倍酸奶","800","3","ASN170420014","1400","2017-04-22 17:38:00"
"853","乐纯柠檬三三三倍酸奶","800","3","ASN170420014","1400","2017-04-22 17:38:00"
"863","冻生南美白虾仁","237","365","ASN170418019","400","2017-04-22 16:30:00"
"964","美早樱桃大果","52","5","ASN170421005","248","2017-04-22 16:30:00"
"963","美早樱桃中果","60","5","ASN170421004","300","2017-04-22 16:26:00"
"621","有好东西百香果","1004","20","ASN170420021","2312","2017-04-22 16:06:00"
"838","贵妃芒5斤装","187","5","ASN170418006","350","2017-04-22 11:24:00"
"839","贵妃芒8斤装","118","5","ASN170418006","350","2017-04-22 11:24:00"
"838","贵妃芒5斤装","187","5","ASN170419002","165","2017-04-22 11:22:00"
"838","贵妃芒5斤装","187","5","ASN170419016","180","2017-04-22 11:20:00"
"839","贵妃芒8斤装","118","5","ASN170419016","180","2017-04-22 11:20:00"
"915","生蚝","300","2","ASN170421007","350","2017-04-22 10:36:00"
"838","贵妃芒5斤装","187","5","ASN170419016","124","2017-04-22 10:26:00"
"839","贵妃芒8斤装","118","5","ASN170419016","124","2017-04-22 10:26:00"
"838","贵妃芒5斤装","187","5","ASN170418006","170","2017-04-21 21:44:00"
"839","贵妃芒8斤装","118","5","ASN170418006","170","2017-04-21 21:44:00"
"945","霸蛮黄牛肉米粉","2193","180","ASN170421001","3024","2017-04-21 21:02:00"
"950","霸蛮小菜四合一70g","2574","180","ASN170421002","1512","2017-04-21 21:02:00"
"816","有好东西手工面","1497","90","ASN170418013","1049","2017-04-21 20:26:00"
"840","麒麟西瓜","11","7","ASN170421008","11","2017-04-21 19:36:00"
"670","五彩野鸡蛋","1212","60","ASN170420023","6600","2017-04-21 19:32:00"
"889","台湾金钻菠萝","1","7","ASN170420024","344","2017-04-21 19:14:00"
"927","智利红提","20","5","ASN170420022","100","2017-04-21 19:12:00"
"845","果果贝瑞蓝莓干","672","300","ASN170419009","900","2017-04-21 18:18:00"
"846","果果贝瑞蔓越莓干","876","300","ASN170419010","1200","2017-04-21 18:16:00"
"876","澳洲安格斯牛腱子","565","300","ASN170421010","250","2017-04-21 18:16:00"
"875","澳洲安格斯牛腩切条","374","300","ASN170421010","250","2017-04-21 18:16:00"
"876","澳洲安格斯牛腱子","565","300","ASN170421010","350","2017-04-21 18:16:00"
"875","澳洲安格斯牛腩切条","374","300","ASN170421010","350","2017-04-21 18:16:00"
"891","有好东西芝麻夹心海苔52g","1418","300","ASN170420001","2600","2017-04-21 18:12:00"
"779","有好东西山核桃仁","662","240","ASN170421011","800","2017-04-21 18:06:00"
"917","姬娜果","1002","30","ASN170419014","4480","2017-04-21 11:10:00"
"962","Driscoll&#39;s 蓝莓","3","7","ASN170420019","1200","2017-04-20 20:44:00"
"670","五彩野鸡蛋","1212","60","ASN170419015","4800","2017-04-20 20:16:00"
"927","智利红提","20","5","ASN170419013","300","2017-04-20 20:06:00"
"883","郭万和珍珠小笼包","3267","180","ASN170416006","2031","2017-04-20 18:12:00"
"605","有好东西火龙果5斤装","215","10","ASN170417013","1000","2017-04-20 17:12:00"
"823","有好东西苹果干","214","300","ASN170420006","150","2017-04-20 17:04:00"
"821","有好东西榴莲干","267","300","ASN170420003","400","2017-04-20 17:02:00"
"825","有好东西芒果干","183","300","ASN170420007","300","2017-04-20 17:02:00"
"822","有好东西草莓干","195","300","ASN170420005","80","2017-04-20 17:00:00"
"829","有好东西黄桃干新","179","300","ASN170420004","250","2017-04-20 16:58:00"
"944","蓝莓","3","7","ASN170420011","2304","2017-04-20 16:40:00"
"739","有好东西沁州黄小米","1360","270","ASN170417011","1550","2017-04-20 16:38:00"
"866","泰国椰青","2736","7","ASN170417005","18441","2017-04-20 16:36:00"
"935","利葡LIPO椰子味面包干100g","3","100","ASN170420010","4","2017-04-20 16:06:00"
"938","利葡LIPO榴莲味面包干100g","12","100","ASN170420010","4","2017-04-20 16:06:00"
"935","利葡LIPO椰子味面包干100g","3","100","ASN170420010","10","2017-04-20 16:06:00"
"938","利葡LIPO榴莲味面包干100g","12","100","ASN170420010","10","2017-04-20 16:06:00"
"705","有好东西黑糯玉米","27","365","ASN170418009","850","2017-04-20 14:32:00"
"941","犁响生态鲜腐竹160g","19585","120","ASN170418012","12000","2017-04-20 14:00:00"
"959","即食香螺200g","1678","300","ASN170419012","1995","2017-04-20 13:40:00"
"677","福建肉燕","1758","270","ASN170418015","1820","2017-04-19 20:44:00"
"954","都乐木瓜","28","3","ASN170419001","524","2017-04-19 18:38:00"
"949","以色列柑","844","10","ASN170418024","5460","2017-04-19 18:36:00"
"670","五彩野鸡蛋","1212","60","ASN170418020","4800","2017-04-19 18:34:00"
"917","姬娜果","1002","30","ASN170418025","4480","2017-04-19 18:34:00"
"848","乐纯抹茶三三三倍酸奶","800","3","ASN170419011","700","2017-04-19 17:56:00"
"849","乐纯芒果菠萝三三三倍酸奶","800","3","ASN170419011","700","2017-04-19 17:56:00"
"850","乐纯草莓蔓越莓三三三倍酸奶","800","3","ASN170419011","700","2017-04-19 17:56:00"
"851","乐纯榛子香草三三三倍酸奶","800","3","ASN170419011","700","2017-04-19 17:56:00"
"852","乐纯椰子玫瑰三三三倍酸奶","800","3","ASN170419011","700","2017-04-19 17:56:00"
"853","乐纯柠檬三三三倍酸奶","800","3","ASN170419011","700","2017-04-19 17:56:00"
"848","乐纯抹茶三三三倍酸奶","800","3","ASN170419011","700","2017-04-19 17:56:00"
"849","乐纯芒果菠萝三三三倍酸奶","800","3","ASN170419011","700","2017-04-19 17:56:00"
"850","乐纯草莓蔓越莓三三三倍酸奶","800","3","ASN170419011","700","2017-04-19 17:56:00"
"851","乐纯榛子香草三三三倍酸奶","800","3","ASN170419011","700","2017-04-19 17:56:00"
"852","乐纯椰子玫瑰三三三倍酸奶","800","3","ASN170419011","700","2017-04-19 17:56:00"
"853","乐纯柠檬三三三倍酸奶","800","3","ASN170419011","700","2017-04-19 17:56:00"
"848","乐纯抹茶三三三倍酸奶","800","3","ASN170419011","700","2017-04-19 17:56:00"
"849","乐纯芒果菠萝三三三倍酸奶","800","3","ASN170419011","700","2017-04-19 17:56:00"
"850","乐纯草莓蔓越莓三三三倍酸奶","800","3","ASN170419011","700","2017-04-19 17:56:00"
"851","乐纯榛子香草三三三倍酸奶","800","3","ASN170419011","700","2017-04-19 17:56:00"
"852","乐纯椰子玫瑰三三三倍酸奶","800","3","ASN170419011","700","2017-04-19 17:56:00"
"853","乐纯柠檬三三三倍酸奶","800","3","ASN170419011","700","2017-04-19 17:56:00"
"848","乐纯抹茶三三三倍酸奶","800","3","ASN170419011","700","2017-04-19 17:56:00"
"849","乐纯芒果菠萝三三三倍酸奶","800","3","ASN170419011","700","2017-04-19 17:56:00"
"850","乐纯草莓蔓越莓三三三倍酸奶","800","3","ASN170419011","700","2017-04-19 17:56:00"
"851","乐纯榛子香草三三三倍酸奶","800","3","ASN170419011","700","2017-04-19 17:56:00"
"852","乐纯椰子玫瑰三三三倍酸奶","800","3","ASN170419011","700","2017-04-19 17:56:00"
"853","乐纯柠檬三三三倍酸奶","800","3","ASN170419011","700","2017-04-19 17:56:00"
"848","乐纯抹茶三三三倍酸奶","800","3","ASN170419011","700","2017-04-19 17:56:00"
"849","乐纯芒果菠萝三三三倍酸奶","800","3","ASN170419011","700","2017-04-19 17:56:00"
"850","乐纯草莓蔓越莓三三三倍酸奶","800","3","ASN170419011","700","2017-04-19 17:56:00"
"851","乐纯榛子香草三三三倍酸奶","800","3","ASN170419011","700","2017-04-19 17:56:00"
"852","乐纯椰子玫瑰三三三倍酸奶","800","3","ASN170419011","700","2017-04-19 17:56:00"
"853","乐纯柠檬三三三倍酸奶","800","3","ASN170419011","700","2017-04-19 17:56:00"
"848","乐纯抹茶三三三倍酸奶","800","3","ASN170419011","700","2017-04-19 17:56:00"
"849","乐纯芒果菠萝三三三倍酸奶","800","3","ASN170419011","700","2017-04-19 17:56:00"
"850","乐纯草莓蔓越莓三三三倍酸奶","800","3","ASN170419011","700","2017-04-19 17:56:00"
"851","乐纯榛子香草三三三倍酸奶","800","3","ASN170419011","700","2017-04-19 17:56:00"
"852","乐纯椰子玫瑰三三三倍酸奶","800","3","ASN170419011","700","2017-04-19 17:56:00"
"853","乐纯柠檬三三三倍酸奶","800","3","ASN170419011","700","2017-04-19 17:56:00"
"621","有好东西百香果","1004","20","ASN170419008","430","2017-04-19 16:56:00"
"889","台湾金钻菠萝","1","7","ASN170418022","399","2017-04-18 21:46:00"
"954","都乐木瓜","28","3","ASN170417015","498","2017-04-18 21:34:00"
"670","五彩野鸡蛋","1212","60","ASN170417014","1800","2017-04-18 21:32:00"
"621","有好东西百香果","1004","20","ASN170418021","420","2017-04-18 21:30:00"
"927","智利红提","20","5","ASN170418002","100","2017-04-18 21:20:00"
"835","有好东西库尔勒香梨","4","25","ASN170417012","2016","2017-04-18 21:18:00"
"949","以色列柑","844","10","ASN170418001","4680","2017-04-18 21:18:00"
"950","霸蛮小菜四合一70g","2574","180","ASN170416007","1512","2017-04-18 21:02:00"
"708","有好东西手工清真牛肉酱","3344","365","ASN170413007","60","2017-04-18 18:38:00"
"915","生蚝","300","2","ASN170418007","150","2017-04-18 18:38:00"
"621","有好东西百香果","1004","20","ASN170416008","1502","2017-04-18 17:34:00"
"848","乐纯抹茶三三三倍酸奶","800","3","ASN170418008","300","2017-04-18 16:58:00"
"849","乐纯芒果菠萝三三三倍酸奶","800","3","ASN170418008","300","2017-04-18 16:58:00"
"850","乐纯草莓蔓越莓三三三倍酸奶","800","3","ASN170418008","300","2017-04-18 16:58:00"
"851","乐纯榛子香草三三三倍酸奶","800","3","ASN170418008","300","2017-04-18 16:58:00"
"852","乐纯椰子玫瑰三三三倍酸奶","800","3","ASN170418008","300","2017-04-18 16:58:00"
"853","乐纯柠檬三三三倍酸奶","800","3","ASN170418008","300","2017-04-18 16:58:00"
"848","乐纯抹茶三三三倍酸奶","800","3","ASN170418008","300","2017-04-18 16:58:00"
"849","乐纯芒果菠萝三三三倍酸奶","800","3","ASN170418008","300","2017-04-18 16:58:00"
"850","乐纯草莓蔓越莓三三三倍酸奶","800","3","ASN170418008","300","2017-04-18 16:58:00"
"851","乐纯榛子香草三三三倍酸奶","800","3","ASN170418008","300","2017-04-18 16:58:00"
"852","乐纯椰子玫瑰三三三倍酸奶","800","3","ASN170418008","300","2017-04-18 16:58:00"
"853","乐纯柠檬三三三倍酸奶","800","3","ASN170418008","300","2017-04-18 16:58:00"
"848","乐纯抹茶三三三倍酸奶","800","3","ASN170418008","300","2017-04-18 16:58:00"
"849","乐纯芒果菠萝三三三倍酸奶","800","3","ASN170418008","300","2017-04-18 16:58:00"
"850","乐纯草莓蔓越莓三三三倍酸奶","800","3","ASN170418008","300","2017-04-18 16:58:00"
"851","乐纯榛子香草三三三倍酸奶","800","3","ASN170418008","300","2017-04-18 16:58:00"
"852","乐纯椰子玫瑰三三三倍酸奶","800","3","ASN170418008","300","2017-04-18 16:58:00"
"853","乐纯柠檬三三三倍酸奶","800","3","ASN170418008","300","2017-04-18 16:58:00"
"848","乐纯抹茶三三三倍酸奶","800","3","ASN170418008","300","2017-04-18 16:58:00"
"849","乐纯芒果菠萝三三三倍酸奶","800","3","ASN170418008","300","2017-04-18 16:58:00"
"850","乐纯草莓蔓越莓三三三倍酸奶","800","3","ASN170418008","300","2017-04-18 16:58:00"
"851","乐纯榛子香草三三三倍酸奶","800","3","ASN170418008","300","2017-04-18 16:58:00"
"852","乐纯椰子玫瑰三三三倍酸奶","800","3","ASN170418008","300","2017-04-18 16:58:00"
"853","乐纯柠檬三三三倍酸奶","800","3","ASN170418008","300","2017-04-18 16:58:00"
"848","乐纯抹茶三三三倍酸奶","800","3","ASN170418008","300","2017-04-18 16:58:00"
"849","乐纯芒果菠萝三三三倍酸奶","800","3","ASN170418008","300","2017-04-18 16:58:00"
"850","乐纯草莓蔓越莓三三三倍酸奶","800","3","ASN170418008","300","2017-04-18 16:58:00"
"851","乐纯榛子香草三三三倍酸奶","800","3","ASN170418008","300","2017-04-18 16:58:00"
"852","乐纯椰子玫瑰三三三倍酸奶","800","3","ASN170418008","300","2017-04-18 16:58:00"
"853","乐纯柠檬三三三倍酸奶","800","3","ASN170418008","300","2017-04-18 16:58:00"
"848","乐纯抹茶三三三倍酸奶","800","3","ASN170418008","300","2017-04-18 16:58:00"
"849","乐纯芒果菠萝三三三倍酸奶","800","3","ASN170418008","300","2017-04-18 16:58:00"
"850","乐纯草莓蔓越莓三三三倍酸奶","800","3","ASN170418008","300","2017-04-18 16:58:00"
"851","乐纯榛子香草三三三倍酸奶","800","3","ASN170418008","300","2017-04-18 16:58:00"
"852","乐纯椰子玫瑰三三三倍酸奶","800","3","ASN170418008","300","2017-04-18 16:58:00"
"853","乐纯柠檬三三三倍酸奶","800","3","ASN170418008","300","2017-04-18 16:58:00"
"954","都乐木瓜","28","3","ASN170417010","16","2017-04-17 20:12:00"
"917","姬娜果","1002","30","ASN170417001","4480","2017-04-17 19:54:00"
"949","以色列柑","844","10","ASN170417002","3120","2017-04-17 19:50:00"
"927","智利红提","20","5","ASN170417003","100","2017-04-17 19:48:00"
"854","大船渔家黄蚬","58518","300","ASN170415002","19136","2017-04-17 19:14:00"
"952","蒙粮风干牛肉","23","300","ASN170417004","500","2017-04-17 18:44:00"
"953","灰姑娘门票","416","365","ASN170417009","416","2017-04-17 16:52:00"
"708","有好东西手工清真牛肉酱","3344","365","ASN170416001","1080","2017-04-17 16:48:00"
"946","厚道海鲜辣酱","150","180","ASN170416002","252","2017-04-17 16:46:00"
"874","威尔斯黄花鱼","744","300","ASN170417006","553","2017-04-17 13:16:00"
"838","贵妃芒5斤装","187","5","ASN170413003","183","2017-04-17 00:50:00"
"839","贵妃芒8斤装","118","5","ASN170413003","183","2017-04-17 00:50:00"
"838","贵妃芒5斤装","187","5","ASN170413003","190","2017-04-17 00:50:00"
"839","贵妃芒8斤装","118","5","ASN170413003","190","2017-04-17 00:50:00"
"915","生蚝","300","2","ASN170416004","260","2017-04-16 13:58:00"
"949","以色列柑","844","10","ASN170415010","76","2017-04-15 20:30:00"
"742","有好东西螺蛳粉","2125","90","ASN170408006","1400","2017-04-15 19:06:00"
"670","五彩野鸡蛋","1212","60","ASN170415008","2400","2017-04-15 18:20:00"
"927","智利红提","20","5","ASN170414005","100","2017-04-15 17:50:00"
"945","霸蛮黄牛肉米粉","2193","180","ASN170415004","3024","2017-04-15 17:50:00"
"843","蜜舐椴树蜂蜜","451","365","ASN170409001","600","2017-04-15 17:44:00"
"816","有好东西手工面","1497","90","ASN170409001","600","2017-04-15 17:44:00"
"616","有好东西巢蜜（2盒）","438","720","ASN170409001","600","2017-04-15 17:44:00"
"805","有好东西广式香肠","979","100","ASN170409001","600","2017-04-15 17:44:00"
"947","天赐怪味香肠","508","100","ASN170413012","600","2017-04-15 17:42:00"
"838","贵妃芒5斤装","187","5","ASN170412002","370","2017-04-15 16:50:00"
"621","有好东西百香果","1004","20","ASN170415007","462","2017-04-15 15:58:00"
"879","新新果园山楂优块","7969","90","ASN170412010","3520","2017-04-15 15:14:00"
"915","生蚝","300","2","ASN170415003","260","2017-04-15 15:12:00"
"848","乐纯抹茶三三三倍酸奶","800","3","ASN170414006","400","2017-04-15 11:14:00"
"849","乐纯芒果菠萝三三三倍酸奶","800","3","ASN170414006","400","2017-04-15 11:14:00"
"850","乐纯草莓蔓越莓三三三倍酸奶","800","3","ASN170414006","400","2017-04-15 11:14:00"
"851","乐纯榛子香草三三三倍酸奶","800","3","ASN170414006","400","2017-04-15 11:14:00"
"852","乐纯椰子玫瑰三三三倍酸奶","800","3","ASN170414006","400","2017-04-15 11:14:00"
"853","乐纯柠檬三三三倍酸奶","800","3","ASN170414006","400","2017-04-15 11:14:00"
"848","乐纯抹茶三三三倍酸奶","800","3","ASN170414006","400","2017-04-15 11:14:00"
"849","乐纯芒果菠萝三三三倍酸奶","800","3","ASN170414006","400","2017-04-15 11:14:00"
"850","乐纯草莓蔓越莓三三三倍酸奶","800","3","ASN170414006","400","2017-04-15 11:14:00"
"851","乐纯榛子香草三三三倍酸奶","800","3","ASN170414006","400","2017-04-15 11:14:00"
"852","乐纯椰子玫瑰三三三倍酸奶","800","3","ASN170414006","400","2017-04-15 11:14:00"
"853","乐纯柠檬三三三倍酸奶","800","3","ASN170414006","400","2017-04-15 11:14:00"
"848","乐纯抹茶三三三倍酸奶","800","3","ASN170414006","400","2017-04-15 11:14:00"
"849","乐纯芒果菠萝三三三倍酸奶","800","3","ASN170414006","400","2017-04-15 11:14:00"
"850","乐纯草莓蔓越莓三三三倍酸奶","800","3","ASN170414006","400","2017-04-15 11:14:00"
"851","乐纯榛子香草三三三倍酸奶","800","3","ASN170414006","400","2017-04-15 11:14:00"
"852","乐纯椰子玫瑰三三三倍酸奶","800","3","ASN170414006","400","2017-04-15 11:14:00"
"853","乐纯柠檬三三三倍酸奶","800","3","ASN170414006","400","2017-04-15 11:14:00"
"848","乐纯抹茶三三三倍酸奶","800","3","ASN170414006","400","2017-04-15 11:14:00"
"849","乐纯芒果菠萝三三三倍酸奶","800","3","ASN170414006","400","2017-04-15 11:14:00"
"850","乐纯草莓蔓越莓三三三倍酸奶","800","3","ASN170414006","400","2017-04-15 11:14:00"
"851","乐纯榛子香草三三三倍酸奶","800","3","ASN170414006","400","2017-04-15 11:14:00"
"852","乐纯椰子玫瑰三三三倍酸奶","800","3","ASN170414006","400","2017-04-15 11:14:00"
"853","乐纯柠檬三三三倍酸奶","800","3","ASN170414006","400","2017-04-15 11:14:00"
"848","乐纯抹茶三三三倍酸奶","800","3","ASN170414006","400","2017-04-15 11:14:00"
"849","乐纯芒果菠萝三三三倍酸奶","800","3","ASN170414006","400","2017-04-15 11:14:00"
"850","乐纯草莓蔓越莓三三三倍酸奶","800","3","ASN170414006","400","2017-04-15 11:14:00"
"851","乐纯榛子香草三三三倍酸奶","800","3","ASN170414006","400","2017-04-15 11:14:00"
"852","乐纯椰子玫瑰三三三倍酸奶","800","3","ASN170414006","400","2017-04-15 11:14:00"
"853","乐纯柠檬三三三倍酸奶","800","3","ASN170414006","400","2017-04-15 11:14:00"
"848","乐纯抹茶三三三倍酸奶","800","3","ASN170414006","400","2017-04-15 11:14:00"
"849","乐纯芒果菠萝三三三倍酸奶","800","3","ASN170414006","400","2017-04-15 11:14:00"
"850","乐纯草莓蔓越莓三三三倍酸奶","800","3","ASN170414006","400","2017-04-15 11:14:00"
"851","乐纯榛子香草三三三倍酸奶","800","3","ASN170414006","400","2017-04-15 11:14:00"
"852","乐纯椰子玫瑰三三三倍酸奶","800","3","ASN170414006","400","2017-04-15 11:14:00"
"853","乐纯柠檬三三三倍酸奶","800","3","ASN170414006","400","2017-04-15 11:14:00"
"618","有好东西每日坚果","846","300","ASN170413004","1000","2017-04-14 18:58:00"
"918","缸鸭狗黄油汤圆","360","180","ASN170412008","480","2017-04-14 17:22:00"
"919","缸鸭狗宁波汤圆","360","180","ASN170412009","480","2017-04-14 17:20:00"
"703","有好东西阿根廷红虾","211","540","ASN170414003","330","2017-04-14 16:50:00"
"948","厄瓜多尔白虾","530","365","ASN170414003","330","2017-04-14 16:50:00"
"703","有好东西阿根廷红虾","211","540","ASN170414003","300","2017-04-14 16:50:00"
"948","厄瓜多尔白虾","530","365","ASN170414003","300","2017-04-14 16:50:00"
"892","有好东西香蕉夹心海苔","3822","300","ASN170413009","2999","2017-04-14 16:14:00"
"891","有好东西芝麻夹心海苔52g","1418","300","ASN170413008","3000","2017-04-14 16:08:00"
"941","犁响生态鲜腐竹160g","19585","120","ASN170414002","7800","2017-04-14 16:04:00"
"942","农良造牛肝菌380g","89","300","ASN170412003","600","2017-04-14 15:58:00"
"915","生蚝","300","2","ASN170414001","260","2017-04-14 14:32:00"
"945","霸蛮黄牛肉米粉","2193","180","ASN170413005","3132","2017-04-14 11:54:00"
"889","台湾金钻菠萝","1","7","ASN170413011","880","2017-04-14 11:04:00"
"621","有好东西百香果","1004","20","ASN170413006","410","2017-04-13 20:44:00"
"670","五彩野鸡蛋","1212","60","ASN170413010","1200","2017-04-13 20:44:00"
"917","姬娜果","1002","30","ASN170412011","4480","2017-04-13 20:42:00"
"883","郭万和珍珠小笼包","3267","180","ASN170411009","2057","2017-04-13 19:52:00"
"944","蓝莓","3","7","ASN170413002","2400","2017-04-13 19:20:00"
"931","不知火小果","1","15","ASN170411006","114","2017-04-13 16:34:00"
"848","乐纯抹茶三三三倍酸奶","800","3","ASN170413001","300","2017-04-13 15:12:00"
"849","乐纯芒果菠萝三三三倍酸奶","800","3","ASN170413001","300","2017-04-13 15:12:00"
"850","乐纯草莓蔓越莓三三三倍酸奶","800","3","ASN170413001","300","2017-04-13 15:12:00"
"851","乐纯榛子香草三三三倍酸奶","800","3","ASN170413001","300","2017-04-13 15:12:00"
"852","乐纯椰子玫瑰三三三倍酸奶","800","3","ASN170413001","300","2017-04-13 15:12:00"
"853","乐纯柠檬三三三倍酸奶","800","3","ASN170413001","300","2017-04-13 15:12:00"
"848","乐纯抹茶三三三倍酸奶","800","3","ASN170413001","300","2017-04-13 15:12:00"
"849","乐纯芒果菠萝三三三倍酸奶","800","3","ASN170413001","300","2017-04-13 15:12:00"
"850","乐纯草莓蔓越莓三三三倍酸奶","800","3","ASN170413001","300","2017-04-13 15:12:00"
"851","乐纯榛子香草三三三倍酸奶","800","3","ASN170413001","300","2017-04-13 15:12:00"
"852","乐纯椰子玫瑰三三三倍酸奶","800","3","ASN170413001","300","2017-04-13 15:12:00"
"853","乐纯柠檬三三三倍酸奶","800","3","ASN170413001","300","2017-04-13 15:12:00"
"848","乐纯抹茶三三三倍酸奶","800","3","ASN170413001","300","2017-04-13 15:12:00"
"849","乐纯芒果菠萝三三三倍酸奶","800","3","ASN170413001","300","2017-04-13 15:12:00"
"850","乐纯草莓蔓越莓三三三倍酸奶","800","3","ASN170413001","300","2017-04-13 15:12:00"
"851","乐纯榛子香草三三三倍酸奶","800","3","ASN170413001","300","2017-04-13 15:12:00"
"852","乐纯椰子玫瑰三三三倍酸奶","800","3","ASN170413001","300","2017-04-13 15:12:00"
"853","乐纯柠檬三三三倍酸奶","800","3","ASN170413001","300","2017-04-13 15:12:00"
"848","乐纯抹茶三三三倍酸奶","800","3","ASN170413001","300","2017-04-13 15:12:00"
"849","乐纯芒果菠萝三三三倍酸奶","800","3","ASN170413001","300","2017-04-13 15:12:00"
"850","乐纯草莓蔓越莓三三三倍酸奶","800","3","ASN170413001","300","2017-04-13 15:12:00"
"851","乐纯榛子香草三三三倍酸奶","800","3","ASN170413001","300","2017-04-13 15:12:00"
"852","乐纯椰子玫瑰三三三倍酸奶","800","3","ASN170413001","300","2017-04-13 15:12:00"
"853","乐纯柠檬三三三倍酸奶","800","3","ASN170413001","300","2017-04-13 15:12:00"
"848","乐纯抹茶三三三倍酸奶","800","3","ASN170413001","300","2017-04-13 15:12:00"
"849","乐纯芒果菠萝三三三倍酸奶","800","3","ASN170413001","300","2017-04-13 15:12:00"
"850","乐纯草莓蔓越莓三三三倍酸奶","800","3","ASN170413001","300","2017-04-13 15:12:00"
"851","乐纯榛子香草三三三倍酸奶","800","3","ASN170413001","300","2017-04-13 15:12:00"
"852","乐纯椰子玫瑰三三三倍酸奶","800","3","ASN170413001","300","2017-04-13 15:12:00"
"853","乐纯柠檬三三三倍酸奶","800","3","ASN170413001","300","2017-04-13 15:12:00"
"848","乐纯抹茶三三三倍酸奶","800","3","ASN170413001","300","2017-04-13 15:12:00"
"849","乐纯芒果菠萝三三三倍酸奶","800","3","ASN170413001","300","2017-04-13 15:12:00"
"850","乐纯草莓蔓越莓三三三倍酸奶","800","3","ASN170413001","300","2017-04-13 15:12:00"
"851","乐纯榛子香草三三三倍酸奶","800","3","ASN170413001","300","2017-04-13 15:12:00"
"852","乐纯椰子玫瑰三三三倍酸奶","800","3","ASN170413001","300","2017-04-13 15:12:00"
"853","乐纯柠檬三三三倍酸奶","800","3","ASN170413001","300","2017-04-13 15:12:00"
"621","有好东西百香果","1004","20","ASN170412001","1050","2017-04-13 13:34:00"
"915","生蚝","300","2","ASN170412012","450","2017-04-13 11:00:00"
"922","开椰器","3038","300","ASN170412005","3000","2017-04-12 20:22:00"
"889","台湾金钻菠萝","1","7","ASN170411013","399","2017-04-12 20:18:00"
"927","智利红提","20","5","ASN170411012","200","2017-04-12 20:16:00"
"670","五彩野鸡蛋","1212","60","ASN170411014","1800","2017-04-12 20:14:00"
"843","蜜舐椴树蜂蜜","451","365","ASN170409001","810","2017-04-12 17:08:00"
"816","有好东西手工面","1497","90","ASN170409001","810","2017-04-12 17:08:00"
"616","有好东西巢蜜（2盒）","438","720","ASN170409001","810","2017-04-12 17:08:00"
"805","有好东西广式香肠","979","100","ASN170409001","810","2017-04-12 17:08:00"
"877","燕之坊粗粮混搭礼盒膳","73","100","ASN170412004","100","2017-04-12 15:20:00"
"887","法国猪肋排","4403","300","ASN170411003","2185","2017-04-12 14:56:00"
"843","蜜舐椴树蜂蜜","451","365","ASN170409001","225","2017-04-12 14:48:00"
"816","有好东西手工面","1497","90","ASN170409001","225","2017-04-12 14:48:00"
"616","有好东西巢蜜（2盒）","438","720","ASN170409001","225","2017-04-12 14:48:00"
"805","有好东西广式香肠","979","100","ASN170409001","225","2017-04-12 14:48:00"
"843","蜜舐椴树蜂蜜","451","365","ASN170409001","1050","2017-04-12 14:48:00"
"816","有好东西手工面","1497","90","ASN170409001","1050","2017-04-12 14:48:00"
"616","有好东西巢蜜（2盒）","438","720","ASN170409001","1050","2017-04-12 14:48:00"
"805","有好东西广式香肠","979","100","ASN170409001","1050","2017-04-12 14:48:00"
"621","有好东西百香果","1004","20","ASN170411005","882","2017-04-12 14:20:00"
"779","有好东西山核桃仁","662","240","ASN170408008","797","2017-04-11 20:24:00"
"838","贵妃芒5斤装","187","5","ASN170411010","289","2017-04-11 19:44:13"
"839","贵妃芒8斤装","118","5","ASN170411010","289","2017-04-11 19:44:13"
"838","贵妃芒5斤装","187","5","ASN170411010","194","2017-04-11 18:06:00"
"839","贵妃芒8斤装","118","5","ASN170411010","194","2017-04-11 18:06:00"
"866","泰国椰青","2736","7","ASN170410067","18423","2017-04-11 17:30:00"
"622","有好东西板栗10袋装","1972","540","ASN170404011","2580","2017-04-11 15:16:00"
"915","生蚝","300","2","ASN170411001","240","2017-04-11 13:42:00"
"835","有好东西库尔勒香梨","4","25","ASN170410072","101","2017-04-10 20:34:01"
"889","台湾金钻菠萝","1","7","ASN170410001","159","2017-04-10 20:34:00"
"838","贵妃芒5斤装","187","5","ASN170407009","293","2017-04-10 20:20:00"
"839","贵妃芒8斤装","118","5","ASN170407009","293","2017-04-10 20:20:00"
"838","贵妃芒5斤装","187","5","ASN170407009","97","2017-04-10 20:20:00"
"839","贵妃芒8斤装","118","5","ASN170407009","97","2017-04-10 20:20:00"
"835","有好东西库尔勒香梨","4","25","ASN170409004","1368","2017-04-10 19:34:00"
"943","22#新西兰金果","63","10","ASN170410070","6","2017-04-10 19:20:00"
"670","五彩野鸡蛋","1212","60","ASN170409009","1800","2017-04-10 19:08:00"
"941","犁响生态鲜腐竹160g","19585","120","ASN170409011","6000","2017-04-10 17:36:00"
"777","有好东西和田玉枣","148","365","ASN170408007","600","2017-04-10 15:56:00"
"621","有好东西百香果","1004","20","ASN170410002","840","2017-04-10 15:54:00"
"848","乐纯抹茶三三三倍酸奶","800","3","ASN170410068","200","2017-04-10 15:50:00"
"849","乐纯芒果菠萝三三三倍酸奶","800","3","ASN170410068","200","2017-04-10 15:50:00"
"850","乐纯草莓蔓越莓三三三倍酸奶","800","3","ASN170410068","200","2017-04-10 15:50:00"
"851","乐纯榛子香草三三三倍酸奶","800","3","ASN170410068","200","2017-04-10 15:50:00"
"852","乐纯椰子玫瑰三三三倍酸奶","800","3","ASN170410068","200","2017-04-10 15:50:00"
"853","乐纯柠檬三三三倍酸奶","800","3","ASN170410068","200","2017-04-10 15:50:00"
"848","乐纯抹茶三三三倍酸奶","800","3","ASN170410068","200","2017-04-10 15:50:00"
"849","乐纯芒果菠萝三三三倍酸奶","800","3","ASN170410068","200","2017-04-10 15:50:00"
"850","乐纯草莓蔓越莓三三三倍酸奶","800","3","ASN170410068","200","2017-04-10 15:50:00"
"851","乐纯榛子香草三三三倍酸奶","800","3","ASN170410068","200","2017-04-10 15:50:00"
"852","乐纯椰子玫瑰三三三倍酸奶","800","3","ASN170410068","200","2017-04-10 15:50:00"
"853","乐纯柠檬三三三倍酸奶","800","3","ASN170410068","200","2017-04-10 15:50:00"
"848","乐纯抹茶三三三倍酸奶","800","3","ASN170410068","200","2017-04-10 15:50:00"
"849","乐纯芒果菠萝三三三倍酸奶","800","3","ASN170410068","200","2017-04-10 15:50:00"
"850","乐纯草莓蔓越莓三三三倍酸奶","800","3","ASN170410068","200","2017-04-10 15:50:00"
"851","乐纯榛子香草三三三倍酸奶","800","3","ASN170410068","200","2017-04-10 15:50:00"
"852","乐纯椰子玫瑰三三三倍酸奶","800","3","ASN170410068","200","2017-04-10 15:50:00"
"853","乐纯柠檬三三三倍酸奶","800","3","ASN170410068","200","2017-04-10 15:50:00"
"848","乐纯抹茶三三三倍酸奶","800","3","ASN170410068","200","2017-04-10 15:50:00"
"849","乐纯芒果菠萝三三三倍酸奶","800","3","ASN170410068","200","2017-04-10 15:50:00"
"850","乐纯草莓蔓越莓三三三倍酸奶","800","3","ASN170410068","200","2017-04-10 15:50:00"
"851","乐纯榛子香草三三三倍酸奶","800","3","ASN170410068","200","2017-04-10 15:50:00"
"852","乐纯椰子玫瑰三三三倍酸奶","800","3","ASN170410068","200","2017-04-10 15:50:00"
"853","乐纯柠檬三三三倍酸奶","800","3","ASN170410068","200","2017-04-10 15:50:00"
"848","乐纯抹茶三三三倍酸奶","800","3","ASN170410068","200","2017-04-10 15:50:00"
"849","乐纯芒果菠萝三三三倍酸奶","800","3","ASN170410068","200","2017-04-10 15:50:00"
"850","乐纯草莓蔓越莓三三三倍酸奶","800","3","ASN170410068","200","2017-04-10 15:50:00"
"851","乐纯榛子香草三三三倍酸奶","800","3","ASN170410068","200","2017-04-10 15:50:00"
"852","乐纯椰子玫瑰三三三倍酸奶","800","3","ASN170410068","200","2017-04-10 15:50:00"
"853","乐纯柠檬三三三倍酸奶","800","3","ASN170410068","200","2017-04-10 15:50:00"
"848","乐纯抹茶三三三倍酸奶","800","3","ASN170410068","200","2017-04-10 15:50:00"
"849","乐纯芒果菠萝三三三倍酸奶","800","3","ASN170410068","200","2017-04-10 15:50:00"
"850","乐纯草莓蔓越莓三三三倍酸奶","800","3","ASN170410068","200","2017-04-10 15:50:00"
"851","乐纯榛子香草三三三倍酸奶","800","3","ASN170410068","200","2017-04-10 15:50:00"
"852","乐纯椰子玫瑰三三三倍酸奶","800","3","ASN170410068","200","2017-04-10 15:50:00"
"853","乐纯柠檬三三三倍酸奶","800","3","ASN170410068","200","2017-04-10 15:50:00"
"938","利葡LIPO榴莲味面包干100g","12","100","ASN170410064","810","2017-04-10 15:38:00"
"935","利葡LIPO椰子味面包干100g","3","100","ASN170410061","807","2017-04-10 15:12:00"
"915","生蚝","300","2","ASN170410003","300","2017-04-10 14:40:00"
"883","郭万和珍珠小笼包","3267","180","ASN170409010","1223","2017-04-09 18:52:00"
"917","姬娜果","1002","30","ASN170408012","4480","2017-04-09 18:32:00"
"927","智利红提","20","5","ASN170409005","44","2017-04-09 18:32:00"
"840","麒麟西瓜","11","7","ASN170409007","10","2017-04-09 18:24:00"
"621","有好东西百香果","1004","20","ASN170407007","840","2017-04-09 15:48:00"
"605","有好东西火龙果5斤装","215","10","ASN170407008","400","2017-04-09 15:34:00"
"838","贵妃芒5斤装","187","5","ASN170408001","97","2017-04-09 15:30:00"
"838","贵妃芒5斤装","187","5","ASN170406010","176","2017-04-08 22:18:00"
"839","贵妃芒8斤装","118","5","ASN170406010","176","2017-04-08 22:18:00"
"670","五彩野鸡蛋","1212","60","ASN170407006","1800","2017-04-08 19:58:00"
"927","智利红提","20","5","ASN170407010","200","2017-04-08 19:56:00"
"917","姬娜果","1002","30","ASN170407011","1600","2017-04-08 19:54:00"
"838","贵妃芒5斤装","187","5","ASN170406010","188","2017-04-08 18:50:00"
"839","贵妃芒8斤装","118","5","ASN170406010","188","2017-04-08 18:50:00"
"621","有好东西百香果","1004","20","ASN170407003","1260","2017-04-08 18:30:00"
"874","威尔斯黄花鱼","744","300","ASN170408003","34","2017-04-08 16:22:00"
"758","有好东西藜麦","353","365","ASN170402005","608","2017-04-08 16:00:00"
"618","有好东西每日坚果","846","300","ASN170402005","608","2017-04-08 16:00:00"
"677","福建肉燕","1758","270","ASN170402005","608","2017-04-08 16:00:00"
"708","有好东西手工清真牛肉酱","3344","365","ASN170408005","1524","2017-04-08 15:54:00"
"843","蜜舐椴树蜂蜜","451","365","ASN170406011","15","2017-04-08 15:34:00"
"843","蜜舐椴树蜂蜜","451","365","ASN170402004","300","2017-04-08 15:32:00"
"922","开椰器","3038","300","ASN170408004","2400","2017-04-08 15:16:00"
"879","新新果园山楂优块","7969","90","ASN170406008","21040","2017-04-08 13:32:00"
"915","生蚝","300","2","ASN170408002","260","2017-04-08 13:28:00"
"621","有好东西百香果","1004","20","ASN170406012","780","2017-04-08 11:56:00"
"931","不知火小果","1","15","ASN170405015","109","2017-04-07 23:58:00"
"838","贵妃芒5斤装","187","5","ASN170405013","191","2017-04-07 23:50:00"
"864","山萃蜂蜜黄油扁桃仁","4180","180","ASN170406009","4800","2017-04-07 19:20:00"
"927","智利红提","20","5","ASN170407001","100","2017-04-07 17:22:00"
"917","姬娜果","1002","30","ASN170407002","1600","2017-04-07 17:22:00"
"915","生蚝","300","2","ASN170407004","210","2017-04-07 15:28:00"
"934","怪味香肠赠品装","150","100","ASN170405012","150","2017-04-07 12:46:00"
"839","贵妃芒8斤装","118","5","ASN170404001","185","2017-04-07 01:06:00"
"889","台湾金钻菠萝","1","7","ASN170406005","800","2017-04-06 19:08:00"
"927","智利红提","20","5","ASN170406004","200","2017-04-06 19:04:00"
"917","姬娜果","1002","30","ASN170406003","1600","2017-04-06 19:02:00"
"866","泰国椰青","2736","7","ASN170406007","18450","2017-04-06 17:12:00"
"739","有好东西沁州黄小米","1360","270","ASN170404002","860","2017-04-06 16:50:00"
"848","乐纯抹茶三三三倍酸奶","800","3","ASN170405009","200","2017-04-06 15:18:00"
"849","乐纯芒果菠萝三三三倍酸奶","800","3","ASN170405009","200","2017-04-06 15:18:00"
"850","乐纯草莓蔓越莓三三三倍酸奶","800","3","ASN170405009","200","2017-04-06 15:18:00"
"851","乐纯榛子香草三三三倍酸奶","800","3","ASN170405009","200","2017-04-06 15:18:00"
"852","乐纯椰子玫瑰三三三倍酸奶","800","3","ASN170405009","200","2017-04-06 15:18:00"
"853","乐纯柠檬三三三倍酸奶","800","3","ASN170405009","200","2017-04-06 15:18:00"
"848","乐纯抹茶三三三倍酸奶","800","3","ASN170405009","200","2017-04-06 15:18:00"
"849","乐纯芒果菠萝三三三倍酸奶","800","3","ASN170405009","200","2017-04-06 15:18:00"
"850","乐纯草莓蔓越莓三三三倍酸奶","800","3","ASN170405009","200","2017-04-06 15:18:00"
"851","乐纯榛子香草三三三倍酸奶","800","3","ASN170405009","200","2017-04-06 15:18:00"
"852","乐纯椰子玫瑰三三三倍酸奶","800","3","ASN170405009","200","2017-04-06 15:18:00"
"853","乐纯柠檬三三三倍酸奶","800","3","ASN170405009","200","2017-04-06 15:18:00"
"848","乐纯抹茶三三三倍酸奶","800","3","ASN170405009","200","2017-04-06 15:18:00"
"849","乐纯芒果菠萝三三三倍酸奶","800","3","ASN170405009","200","2017-04-06 15:18:00"
"850","乐纯草莓蔓越莓三三三倍酸奶","800","3","ASN170405009","200","2017-04-06 15:18:00"
"851","乐纯榛子香草三三三倍酸奶","800","3","ASN170405009","200","2017-04-06 15:18:00"
"852","乐纯椰子玫瑰三三三倍酸奶","800","3","ASN170405009","200","2017-04-06 15:18:00"
"853","乐纯柠檬三三三倍酸奶","800","3","ASN170405009","200","2017-04-06 15:18:00"
"848","乐纯抹茶三三三倍酸奶","800","3","ASN170405009","200","2017-04-06 15:18:00"
"849","乐纯芒果菠萝三三三倍酸奶","800","3","ASN170405009","200","2017-04-06 15:18:00"
"850","乐纯草莓蔓越莓三三三倍酸奶","800","3","ASN170405009","200","2017-04-06 15:18:00"
"851","乐纯榛子香草三三三倍酸奶","800","3","ASN170405009","200","2017-04-06 15:18:00"
"852","乐纯椰子玫瑰三三三倍酸奶","800","3","ASN170405009","200","2017-04-06 15:18:00"
"853","乐纯柠檬三三三倍酸奶","800","3","ASN170405009","200","2017-04-06 15:18:00"
"848","乐纯抹茶三三三倍酸奶","800","3","ASN170405009","200","2017-04-06 15:18:00"
"849","乐纯芒果菠萝三三三倍酸奶","800","3","ASN170405009","200","2017-04-06 15:18:00"
"850","乐纯草莓蔓越莓三三三倍酸奶","800","3","ASN170405009","200","2017-04-06 15:18:00"
"851","乐纯榛子香草三三三倍酸奶","800","3","ASN170405009","200","2017-04-06 15:18:00"
"852","乐纯椰子玫瑰三三三倍酸奶","800","3","ASN170405009","200","2017-04-06 15:18:00"
"853","乐纯柠檬三三三倍酸奶","800","3","ASN170405009","200","2017-04-06 15:18:00"
"848","乐纯抹茶三三三倍酸奶","800","3","ASN170405009","200","2017-04-06 15:18:00"
"849","乐纯芒果菠萝三三三倍酸奶","800","3","ASN170405009","200","2017-04-06 15:18:00"
"850","乐纯草莓蔓越莓三三三倍酸奶","800","3","ASN170405009","200","2017-04-06 15:18:00"
"851","乐纯榛子香草三三三倍酸奶","800","3","ASN170405009","200","2017-04-06 15:18:00"
"852","乐纯椰子玫瑰三三三倍酸奶","800","3","ASN170405009","200","2017-04-06 15:18:00"
"853","乐纯柠檬三三三倍酸奶","800","3","ASN170405009","200","2017-04-06 15:18:00"
"915","生蚝","300","2","ASN170405008","260","2017-04-06 15:14:00"
"621","有好东西百香果","1004","20","ASN170406001","630","2017-04-06 15:12:00"
"707","有好东西五常大米","260","365","ASN170405005","100","2017-04-05 20:14:00"
"729","有好东西枣夹核桃","61","120","ASN170405011","420","2017-04-05 20:12:00"
"621","有好东西百香果","1004","20","ASN170405004","1176","2017-04-05 16:48:00"
"915","生蚝","300","2","ASN170405001","150","2017-04-05 15:50:00"
"927","智利红提","20","5","ASN170404009","100","2017-04-04 17:04:00"
"917","姬娜果","1002","30","ASN170404008","3200","2017-04-04 17:02:00"
"915","生蚝","300","2","ASN170404005","200","2017-04-04 15:08:00"
"621","有好东西百香果","1004","20","ASN170404006","1020","2017-04-04 15:06:00"
"758","有好东西藜麦","353","365","ASN170402005","400","2017-04-03 18:18:00"
"618","有好东西每日坚果","846","300","ASN170402005","400","2017-04-03 18:18:00"
"677","福建肉燕","1758","270","ASN170402005","400","2017-04-03 18:18:00"
"742","有好东西螺蛳粉","2125","90","ASN170401004","1200","2017-04-03 18:12:00"
"670","五彩野鸡蛋","1212","60","ASN170403008","1800","2017-04-03 17:58:00"
"927","智利红提","20","5","ASN170403009","300","2017-04-03 17:48:00"
"758","有好东西藜麦","353","365","ASN170402005","1818","2017-04-03 15:06:00"
"618","有好东西每日坚果","846","300","ASN170402005","1818","2017-04-03 15:06:00"
"677","福建肉燕","1758","270","ASN170402005","1818","2017-04-03 15:06:00"
"848","乐纯抹茶三三三倍酸奶","800","3","ASN170403005","200","2017-04-03 14:58:00"
"849","乐纯芒果菠萝三三三倍酸奶","800","3","ASN170403005","200","2017-04-03 14:58:00"
"850","乐纯草莓蔓越莓三三三倍酸奶","800","3","ASN170403005","200","2017-04-03 14:58:00"
"851","乐纯榛子香草三三三倍酸奶","800","3","ASN170403005","200","2017-04-03 14:58:00"
"852","乐纯椰子玫瑰三三三倍酸奶","800","3","ASN170403005","200","2017-04-03 14:58:00"
"853","乐纯柠檬三三三倍酸奶","800","3","ASN170403005","200","2017-04-03 14:58:00"
"848","乐纯抹茶三三三倍酸奶","800","3","ASN170403005","200","2017-04-03 14:58:00"
"849","乐纯芒果菠萝三三三倍酸奶","800","3","ASN170403005","200","2017-04-03 14:58:00"
"850","乐纯草莓蔓越莓三三三倍酸奶","800","3","ASN170403005","200","2017-04-03 14:58:00"
"851","乐纯榛子香草三三三倍酸奶","800","3","ASN170403005","200","2017-04-03 14:58:00"
"852","乐纯椰子玫瑰三三三倍酸奶","800","3","ASN170403005","200","2017-04-03 14:58:00"
"853","乐纯柠檬三三三倍酸奶","800","3","ASN170403005","200","2017-04-03 14:58:00"
"848","乐纯抹茶三三三倍酸奶","800","3","ASN170403005","200","2017-04-03 14:58:00"
"849","乐纯芒果菠萝三三三倍酸奶","800","3","ASN170403005","200","2017-04-03 14:58:00"
"850","乐纯草莓蔓越莓三三三倍酸奶","800","3","ASN170403005","200","2017-04-03 14:58:00"
"851","乐纯榛子香草三三三倍酸奶","800","3","ASN170403005","200","2017-04-03 14:58:00"
"852","乐纯椰子玫瑰三三三倍酸奶","800","3","ASN170403005","200","2017-04-03 14:58:00"
"853","乐纯柠檬三三三倍酸奶","800","3","ASN170403005","200","2017-04-03 14:58:00"
"848","乐纯抹茶三三三倍酸奶","800","3","ASN170403005","200","2017-04-03 14:58:00"
"849","乐纯芒果菠萝三三三倍酸奶","800","3","ASN170403005","200","2017-04-03 14:58:00"
"850","乐纯草莓蔓越莓三三三倍酸奶","800","3","ASN170403005","200","2017-04-03 14:58:00"
"851","乐纯榛子香草三三三倍酸奶","800","3","ASN170403005","200","2017-04-03 14:58:00"
"852","乐纯椰子玫瑰三三三倍酸奶","800","3","ASN170403005","200","2017-04-03 14:58:00"
"853","乐纯柠檬三三三倍酸奶","800","3","ASN170403005","200","2017-04-03 14:58:00"
"848","乐纯抹茶三三三倍酸奶","800","3","ASN170403005","200","2017-04-03 14:58:00"
"849","乐纯芒果菠萝三三三倍酸奶","800","3","ASN170403005","200","2017-04-03 14:58:00"
"850","乐纯草莓蔓越莓三三三倍酸奶","800","3","ASN170403005","200","2017-04-03 14:58:00"
"851","乐纯榛子香草三三三倍酸奶","800","3","ASN170403005","200","2017-04-03 14:58:00"
"852","乐纯椰子玫瑰三三三倍酸奶","800","3","ASN170403005","200","2017-04-03 14:58:00"
"853","乐纯柠檬三三三倍酸奶","800","3","ASN170403005","200","2017-04-03 14:58:00"
"848","乐纯抹茶三三三倍酸奶","800","3","ASN170403005","200","2017-04-03 14:58:00"
"849","乐纯芒果菠萝三三三倍酸奶","800","3","ASN170403005","200","2017-04-03 14:58:00"
"850","乐纯草莓蔓越莓三三三倍酸奶","800","3","ASN170403005","200","2017-04-03 14:58:00"
"851","乐纯榛子香草三三三倍酸奶","800","3","ASN170403005","200","2017-04-03 14:58:00"
"852","乐纯椰子玫瑰三三三倍酸奶","800","3","ASN170403005","200","2017-04-03 14:58:00"
"853","乐纯柠檬三三三倍酸奶","800","3","ASN170403005","200","2017-04-03 14:58:00"
"621","有好东西百香果","1004","20","ASN170403003","630","2017-04-03 14:40:00"
"854","大船渔家黄蚬","58518","300","ASN170401014","14671","2017-04-03 11:06:00"
"838","贵妃芒5斤装","187","5","ASN170401002","480","2017-04-02 21:58:00"
"839","贵妃芒8斤装","118","5","ASN170401002","480","2017-04-02 21:58:00"
"838","贵妃芒5斤装","187","5","ASN170401002","98","2017-04-02 19:00:00"
"839","贵妃芒8斤装","118","5","ASN170401002","98","2017-04-02 19:00:00"
"917","姬娜果","1002","30","ASN170402002","4480","2017-04-02 18:10:00"
"915","生蚝","300","2","ASN170402001","397","2017-04-02 14:00:00"
"838","贵妃芒5斤装","187","5","ASN170401001","280","2017-04-02 13:58:00"
"874","威尔斯黄花鱼","744","300","ASN170401013","550","2017-04-01 20:16:00"
"917","姬娜果","1002","30","ASN170401015","2400","2017-04-01 20:06:00"
"670","五彩野鸡蛋","1212","60","ASN170401011","1800","2017-04-01 20:04:00"
"835","有好东西库尔勒香梨","4","25","ASN170401003","1000","2017-04-01 19:58:00"
"887","法国猪肋排","4403","300","ASN170401005","1400","2017-04-01 18:50:00"
"816","有好东西手工面","1497","90","ASN170401009","840","2017-04-01 18:40:00"
"838","贵妃芒5斤装","187","5","1490272144","258","2017-04-01 00:56:00"
"705","有好东西黑糯玉米","27","365","1490844382","1500","2017-03-31 18:46:00"
